fecha,base_monetaria_std20,act_luis_caputo_prop_no_cero_lag1,merval_maximo_pct10,base_monetaria_diff10,merval_maximo_diff10,merval_apertura_pct10,merval_apertura_std20,badlar_ma_3,merval_maximo_hp_ema20,inflacion_hp_rm20,impacto_mercosur_std,badlar_ma_5,act_luis_caputo_mean_lag1,act_luis_caputo_std_lag1,act_luis_caputo_prop_no_cero,act_luis_caputo_std,act_fondo_monetario_internacional_directorio_prop_no_cero_lag3,menciona_sector_agroexportador_prop_true,m1_std20,emae_desestacionalizado_hp_rm20,act_luis_caputo_mean,impacto_sector_energia_std_lag1,bonos_soberanos_mean_lag3,volumen_mercado_mean_lag3,act_fondo_monetario_internacional_directorio_mean_lag3,caracter_prospectivo_sum_true_lag2,tipo_evento_electoral_prop_true,cant_tickers_std,sector_Construcción / Inmobiliario_prop_true_lag2,tipo_actor_principal_municipio_prop_true,merval_cierre_std20,tasa_prestamos_personales_ma_3,m2_transaccional_std20,impacto_sector_bancario_mean_lag2,tipo_evento_analisis_prop_true_lag1,tipo_evento_analisis_prop_true_lag2,fx_usd_prop_no_cero,tipo_evento_regulatory_sum_true_lag1,menciona_embi_sum_true_lag3,tipo_evento_electoral_sum_true,tipo_evento_analisis_prop_true_lag3,tipo_evento_analisis_sum_true,act_anses_administracion_nacional_de_seguridad_social_mean,merval_cierre,act_gobierno_mean_lag2,act_administracion_de_donald_trump_mean_lag3,act_administracion_de_donald_trump_mean,act_administracion_de_donald_trump_mean_lag1,sector_Industria / Manufactura_prop_true_lag2,act_indec_mean_lag1,act_banco_central_de_la_republica_argentina_bcra_mean,act_desconocido_mean,act_luis_caputo_mean_lag2,act_luis_caputo_mean_lag3,actividad_economica_mean_lag2,bonos_soberanos_mean_lag2,bonos_soberanos_mean,act_desconocido_std_lag1,tc_mayorista_pct1,menciona_sector_industrial_prop_true_lag1,merval_apertura_+2
2025-01-06,1540313.443869607,0.0,0.0853409570589815,3550135.0,222390.0,0.0730217261546664,174175.9665680782,32.166666666666664,291013.57609528536,-0.4250000000000002,0.0263117405792108,32.2125,0.0,0.0,0.0,0.0,0.0,0.1384615384615384,1977321.1127708536,-0.1623679349999918,0.0,0.14481722263608,0.0474264705882352,0.0606617647058823,0.0,18.0,0.0076923076923076,1.7318097978442553,0.0235294117647058,0.0076923076923076,189265.75844406048,72.71000000000002,3245556.402797325,0.0164705882352941,0.0,0.0,1.0,0.0,13.0,1,0.0,0,0.0153846153846153,2801220.75,0.1764705882352941,0.0,0.0,0.0,0.0823529411764705,0.0,0.1692307692307692,0.0769230769230769,0.0,0.0,-0.0335294117647058,0.0329411764705882,0.0434615384615384,0.3612978418647564,0.0009664170089394,0.2121212121212121,198360.4844
2025-01-07,1601206.6297134955,0.0,0.0698718140034619,3313629.0,187290.0,0.0806342912131989,190296.83762365315,32.375,299017.99741954403,-0.3999999999999999,0.0,32.125,0.0,0.0,0.0073529411764705,0.0857492925712544,0.0,0.088235294117647,1938770.3592197264,-0.1528168800000173,0.0073529411764705,0.0975673093047115,0.0329411764705882,0.04,0.0,19.0,0.0147058823529411,1.2805738092924408,0.0606060606060606,0.0735294117647058,198122.3407712717,72.35333333333337,3259169.6746668946,0.053030303030303,0.0,0.0,1.0,0.0,4.0,2,0.0,0,0.0073529411764705,2822174.5,0.1363636363636363,0.0235294117647058,0.0,0.0,0.1515151515151515,0.0,0.1691176470588235,0.1102941176470588,0.0,0.0,0.0136363636363636,0.0734848484848484,0.0202205882352941,0.2675001880861359,0.0004827419744146,0.1692307692307692,201379.75
2025-01-08,1639174.9388491623,0.0073529411764705,0.1111455594364427,3395050.0,283210.0,0.1194589563376518,198707.81822300667,31.854166666666668,237552.4738557781,-0.375,0.0,31.9125,0.0073529411764705,0.0857492925712544,0.0175438596491228,0.1316717938675918,0.0,0.175438596491228,1833457.841689848,-0.1432658250000145,0.0175438596491228,0.1660970658805195,0.0734848484848484,0.0621212121212121,0.0,20.0,0.0292397660818713,2.560247558549664,0.0153846153846153,0.0467836257309941,198452.46263452875,71.86333333333336,3226002.8939022026,0.0561538461538461,0.0,0.0,1.0,0.0,6.0,5,0.0,0,0.023391812865497,2782477.0,0.1769230769230769,0.0,0.0175438596491228,0.0,0.1,0.0,0.1345029239766081,0.0760233918128654,0.0,0.0,-0.0176923076923076,0.0434615384615384,0.0122807017543859,0.3144140727612662,0.0004825090470446,0.1397058823529411,213794.25
2025-01-09,1646087.5725841285,0.0175438596491228,0.1500173893350804,2291561.0,370960.0,0.1498341301484558,198660.2071282975,31.52083333333333,226174.61920284663,-0.3500000000000001,0.0481125224324688,31.875,0.0175438596491228,0.1316717938675918,0.0,0.0,0.0,0.1111111111111111,1673284.3206081376,-0.1337147699999832,0.0,0.20250750091218,0.0434615384615384,0.0553846153846153,0.0,26.0,0.0277777777777777,3.8614257997970354,0.0514705882352941,0.0462962962962962,196996.67727804408,71.13000000000004,3117464.2817757977,0.0154411764705882,0.0,0.0,1.0,0.0,12.0,3,0.0,0,0.037037037037037,2829730.5,0.0955882352941176,0.0,0.0092592592592592,0.0175438596491228,0.1029411764705882,0.0175438596491228,0.0833333333333333,0.1111111111111111,0.0073529411764705,0.0,-0.0025735294117647,0.0202205882352941,0.0148148148148148,0.2658139099891539,0.0009645526886905,0.1812865497076023,213794.25
2025-01-10,1634403.1061489226,0.0,0.1259065980910385,2042786.0,317510.0,0.1467717933733783,196788.08640213264,31.375,200617.03642162308,-0.3249999999999997,0.0405226312634166,31.7875,0.0,0.0,0.0096153846153846,0.098058067569092,0.0073529411764705,0.173076923076923,1513327.7091212205,-0.1241637149999803,0.0096153846153846,0.1443615466251122,0.0202205882352941,0.0496323529411764,0.0073529411764705,38.0,0.0288461538461538,1.2463164545988046,0.0818713450292397,0.0288461538461538,191072.9767481295,71.31333333333338,2943687.245720934,0.0409356725146198,0.0,0.0,1.0,0.0,14.0,3,0.0,0,0.0384615384615384,2805139.75,0.1461988304093567,0.0,0.0,0.0092592592592592,0.087719298245614,0.0,0.125,0.0961538461538461,0.0175438596491228,0.0073529411764705,-0.0032163742690058,0.0122807017543859,0.0389423076923076,0.3157348151855433,0.0019272464466393,0.1481481481481481,215724.7031
2025-01-13,1566737.2368442204,0.0,0.0764853697098382,2086444.0,200280.0,0.0996147424138693,190461.2598930524,31.6875,162981.1281909924,-0.3000000000000002,0.0083045479853739,31.625,0.0,0.0,0.0068965517241379,0.0830454798537399,0.0,0.1379310344827586,1376524.896719298,-0.1146126600000059,0.0068965517241379,0.188146321945284,0.0389423076923076,0.0447115384615384,0.0,29.0,0.0344827586206896,1.767550201967428,0.0853658536585365,0.0344827586206896,170953.24721109698,72.53333333333336,2698779.8023074814,0.0256097560975609,0.0,0.0,1.0,0.0,5.0,5,0.0,0,0.0275862068965517,2655178.5,0.1341463414634146,0.0,0.0,0.0,0.0853658536585365,0.0,0.1034482758620689,0.1379310344827586,0.0,0.0096153846153846,-0.0103658536585365,0.0390243902439024,-0.026551724137931,0.3778736052418342,0.0004808848280837,0.2,215810.9844
2025-01-14,1494063.4055086763,0.0068965517241379,-0.021944761082122,1096116.0,-61990.0,0.0222492707579169,169919.046549229,32.020833333333336,96801.49693470774,-0.2750000000000003,0.0237915475715443,31.6625,0.0068965517241379,0.0830454798537399,0.0314465408805031,0.1750726304180726,0.048780487804878,0.1572327044025157,1229985.89806248,-0.105061605000003,0.0314465408805031,0.2337885543019704,0.0390243902439024,0.0329268292682926,0.048780487804878,20.0,0.0125786163522012,1.5749208761904994,0.1076923076923077,0.0125786163522012,158105.49090420804,72.37666666666668,2452474.5513769886,0.0215384615384615,0.0,0.0,1.0,0.0,4.0,2,0.0,0,0.0314465408805031,2733273.25,0.1846153846153846,0.024390243902439,0.0125786163522012,0.0,0.0923076923076923,0.0137931034482758,0.1132075471698113,0.0628930817610062,0.0,0.0,1.2810265668751809e-18,0.0153846153846153,-0.030503144654088,0.3460228327239165,0.0009613073780341,0.1379310344827586,224627.5156
2025-01-15,1424335.248387944,0.0314465408805031,0.0785625707453323,394069.0,203360.0,0.0604170712020408,156616.65238570375,31.89583333333333,113856.59246473528,-0.25,0.0403886066978196,31.8125,0.0314465408805031,0.1750726304180726,0.0188679245283018,0.1364884245663414,0.0461538461538461,0.1761006289308176,1086165.48649977,-0.0955105500000002,0.0188679245283018,0.224791033356878,0.0153846153846153,0.0707692307692307,0.0461538461538461,30.0,0.0377358490566037,1.631237149822755,0.0482758620689655,0.0377358490566037,141233.4950172683,71.60000000000002,2168290.4246793813,-0.0268965517241379,0.0,0.0,1.0,0.0,5.0,6,0.0,0,0.050314465408805,2704473.75,0.1241379310344827,0.0,0.0062893081761006,0.0125786163522012,0.0758620689655172,0.050314465408805,0.1572327044025157,0.0754716981132075,0.0068965517241379,0.0,-0.0396551724137931,-0.026551724137931,-0.0094339622641509,0.2435376037607046,0.0004801920768306,0.1320754716981132,234153.7031
2025-01-16,1395952.2473834658,0.0188679245283018,0.00725305728027,-789283.0,19590.0,0.0674284247167038,139187.80336025465,31.45833333333333,38458.345563332085,-0.2250000000000001,0.0,31.5875,0.0188679245283018,0.1364884245663414,0.0194805194805194,0.1386573913177679,0.0068965517241379,0.1428571428571428,952323.6250774662,-0.0859594949999973,0.0194805194805194,0.1715029541297086,-0.026551724137931,0.0546206896551724,0.0068965517241379,41.0,0.0064935064935064,1.287867553389487,0.0817610062893081,0.0194805194805194,126959.27445484058,70.35000000000002,1918871.3294229845,0.0088050314465408,0.0,0.0,1.0,0.0,10.0,1,0.0,0,0.0454545454545454,2629377.0,0.1383647798742138,0.0,0.0,0.0062893081761006,0.0628930817610062,0.0125786163522012,0.1623376623376623,0.0779220779220779,0.0314465408805031,0.0068965517241379,-0.010377358490566,-0.030503144654088,-0.0331168831168831,0.2649855456129768,0.0004799616030717,0.1886792452830188,250556.0313
2025-01-17,1354695.131951686,0.0194805194805194,-0.0357365521241119,-1514036.0,-98590.0,-0.0245838985193347,124406.99063508752,31.125,-19770.544490318745,-0.1999999999999997,0.0178885438199983,31.5125,0.0194805194805194,0.1386573913177679,0.024,0.1536649056414848,0.0314465408805031,0.2,871607.3440094884,-0.0764084399999944,0.024,0.118237631528838,-0.030503144654088,0.060691823899371,0.0314465408805031,39.0,0.008,1.4268395031474057,0.050314465408805,0.032,128546.355827749,70.2566666666667,1626178.499549167,0.0163522012578616,0.0,0.0,1.0,0.0,7.0,1,0.0,0,0.024,2510886.0,0.1446540880503144,0.0125786163522012,0.024,0.0,0.0817610062893081,0.0064935064935064,0.2,0.088,0.0188679245283018,0.0314465408805031,-0.0248427672955974,-0.0094339622641509,-0.0136,0.268923478011347,0.0021587910769969,0.1883116883116883,257668.8125
2025-01-20,1279178.9123545385,0.0128205128205128,-0.0923455515523514,-1285734.0,-261180.0,-0.0798945073694231,126059.8636352662,30.75,-102120.9688245738,-0.1749999999999998,0.0293773951180909,31.25,0.0128205128205128,0.1132277034144595,0.0218978102189781,0.1468869755904545,0.032,0.1605839416058394,820682.4836995925,-0.0668573849999916,0.0218978102189781,0.1223044355629629,-0.0136,0.0572,0.032,20.0,0.0145985401459854,1.299048434644274,0.0298507462686567,0.0291970802919708,130336.89427461496,71.88000000000001,1468194.87450925,0.017910447761194,0.0128205128205128,0.0,1.0,0.0,3.0,2,0.0,0,0.0437956204379562,2536837.5,0.1492537313432835,0.024,0.0802919708029197,0.0256410256410256,0.0298507462686567,0.0,0.1167883211678832,0.1021897810218978,0.0298507462686567,0.024,-0.035820895522388,-0.0320895522388059,-0.037956204379562,0.35030076036261,0.0007180469123981,0.1666666666666666,260750.0469
2025-01-21,1186554.7275764602,0.0218978102189781,-0.0837758955564776,-1130544.0,-240250.0,-0.094381440662968,127942.01903369442,31.0625,-37738.49560318561,-0.1500000000000003,0.0468292905790846,31.0125,0.0218978102189781,0.1468869755904545,0.0175438596491228,0.1318658570441865,0.0149253731343283,0.175438596491228,733925.7822349055,-0.0573063300000171,0.0175438596491228,0.2154483477631838,-0.0320895522388059,0.0798507462686567,0.0149253731343283,28.0,0.0263157894736842,1.5669105968454111,0.0256410256410256,0.0350877192982456,127321.65566539856,72.09333333333336,1483653.8853990545,0.0192307692307692,0.0,0.0128205128205128,1.0,0.0,3.0,3,0.0,0,0.0526315789473684,2619719.25,0.1025641025641025,0.0149253731343283,0.043859649122807,0.0802919708029197,0.1153846153846153,0.0145985401459854,0.131578947368421,0.1052631578947368,0.0128205128205128,0.0298507462686567,0.0205128205128205,0.0166666666666666,0.0162280701754386,0.3040092764849821,0.0006409949772783,0.1970802919708029,235372.4063
2025-01-22,1078225.9412615574,0.0175438596491228,-0.0515556403219711,-1048355.0,-145970.0,-0.0717373252433539,124765.19006089226,30.89583333333333,18168.98016854655,-0.125,0.0357914224903546,30.9125,0.0175438596491228,0.1318658570441865,0.0202702702702702,0.1414018538782238,0.0384615384615384,0.1351351351351351,696536.9704995173,-0.0477552750000143,0.0202702702702702,0.211119622748467,0.0166666666666666,0.0564102564102564,0.0384615384615384,37.0,0.027027027027027,1.7922403272711,0.0291970802919708,0.0405405405405405,115588.67278069264,72.16333333333336,1536100.9140988735,0.0313868613138686,0.0,0.0,1.0,0.0,3.0,4,0.0128205128205128,0,0.0135135135135135,2680945.75,0.1240875912408759,0.0256410256410256,0.027027027027027,0.043859649122807,0.0948905109489051,0.0263157894736842,0.1148648648648648,0.0743243243243243,0.0218978102189781,0.0128205128205128,-0.0018248175182481,-0.037956204379562,0.0182432432432432,0.3082471440524439,0.0012716077711487,0.131578947368421,235372.4063
2025-01-23,1012641.7600595596,0.0202702702702702,-0.0562358021478757,-628460.0,-159920.0,-0.0364895199493113,112462.32351622805,30.95833333333333,15063.363009637222,-0.1,0.0092847669088525,30.95,0.0202702702702702,0.1414018538782238,0.0948275862068965,0.2942477003230905,0.0145985401459854,0.2672413793103448,667303.2235780407,-0.038204219999983,0.0948275862068965,0.1570945871809925,-0.037956204379562,0.0412408759124087,0.0145985401459854,25.0,0.0,1.126084351643558,0.043859649122807,0.0344827586206896,106769.30812561775,70.80000000000003,1633112.2218853938,-2.434699615406045e-19,0.0,0.0,1.0,0.0,6.0,0,0.0,0,0.0172413793103448,2625050.0,0.1140350877192982,0.0802919708029197,0.0258620689655172,0.027027027027027,0.043859649122807,0.0135135135135135,0.0775862068965517,0.0775862068965517,0.0175438596491228,0.0218978102189781,-0.0035087719298245,0.0162280701754386,0.0047413793103448,0.2631886164705388,0.0004010503700166,0.1554054054054054,247680.0
2025-01-24,932686.0225233878,0.0948275862068965,-0.0731412672137499,-405914.0,-207670.0,-0.0723321531856125,103176.46877908442,31.02083333333333,-33590.76680080453,-0.0750000000000001,0.0,30.95,0.0948275862068965,0.2942477003230905,0.0666666666666666,0.2504897164340598,0.0263157894736842,0.325,691440.4309217111,-0.0286531650000085,0.0666666666666666,0.1584028228058564,0.0162280701754386,0.0649122807017544,0.0263157894736842,37.0,0.0166666666666666,1.076746838166429,0.027027027027027,0.025,102305.69574283365,70.96333333333335,1713652.3927788625,0.0141891891891891,0.0,0.0,1.0,0.0,4.0,2,0.0,0,0.025,2566082.25,0.1081081081081081,0.043859649122807,0.0,0.0258620689655172,0.0743243243243243,0.0086206896551724,0.0833333333333333,0.0833333333333333,0.0202702702702702,0.0175438596491228,-0.0010135135135135,0.0182432432432432,-0.0025,0.2686799314188284,0.0018230931495604,0.1379310344827586,250362.2969
2025-01-27,771979.3479843664,0.03125,-0.0896616314628107,463007.0,-252740.0,-0.0852212443248148,102305.69574283162,30.625,-89698.78901025187,-0.0499999999999998,0.049295807411508,30.8375,0.03125,0.1753680936030504,0.0206896551724137,0.1428366159308414,0.0083333333333333,0.296551724137931,647206.3064992379,-0.0191021100000057,0.0206896551724137,0.0375,-0.0025,0.065,0.0083333333333333,24.0,0.0206896551724137,1.0967122584241402,0.0666666666666666,0.0137931034482758,113836.86274996634,71.41000000000003,1735965.2560077282,-0.016,0.0,0.0,1.0,0.0,9.0,3,0.0,0,0.0206896551724137,2439098.75,0.1333333333333333,0.0,0.0068965517241379,0.015625,0.04,0.0,0.1103448275862069,0.096551724137931,0.0,0.0666666666666666,-0.0213333333333333,-0.0093333333333333,-0.0468965517241379,0.3933978962347216,0.0008765410926276,0.15625,252107.9063
2025-01-28,614101.8440517528,0.0206896551724137,-0.0995283821299175,372242.0,-274980.0,-0.0813804985239222,113836.86274996452,30.95833333333333,-151935.5710092755,-0.0250000000000003,0.0,30.8875,0.0206896551724137,0.1428366159308414,0.0588235294117647,0.2360668426093901,0.0133333333333333,0.2222222222222222,627547.0953188465,-0.0095510550000028,0.0588235294117647,0.1203562718926938,-0.0093333333333333,0.0173333333333333,0.0133333333333333,17.0,0.0065359477124183,1.1376307161688408,0.0625,0.0130718954248366,123512.82859652815,70.43333333333335,1721816.4111039357,0.0140625,0.0,0.0,1.0,0.0,2.0,1,0.0,0,0.0130718954248366,2435628.75,0.203125,0.0266666666666666,0.0065359477124183,0.0068965517241379,0.0625,0.0068965517241379,0.0915032679738562,0.0980392156862745,0.03125,0.0,0.0078125,0.00703125,0.0081699346405228,0.2963701217095705,0.0003998096144692,0.1517241379310344,260073.5938
2025-01-29,652070.8250249611,0.0588235294117647,-0.0867411448240784,-925797.0,-242170.0,-0.1088967230041855,123512.8285965265,30.75,-81505.99281791598,0.0,0.0,30.8625,0.0588235294117647,0.2360668426093901,0.0119047619047619,0.1087817811277798,0.0,0.1904761904761904,560182.7519082925,0.0,0.0119047619047619,0.144179588354144,0.00703125,0.0453125,0.0,26.0,0.0119047619047619,0.9642711929542688,0.0827586206896551,0.0178571428571428,122924.21493634937,69.27666666666669,1503851.4014250198,-0.0089655172413793,0.0,0.0,1.0,0.0,1.0,2,0.0,0,0.0357142857142857,2545355.5,0.1586206896551724,0.015625,0.0178571428571428,0.0065359477124183,0.0551724137931034,0.0,0.0892857142857142,0.1130952380952381,0.0206896551724137,0.03125,-0.0027586206896551,-0.0468965517241379,0.0017857142857142,0.2983442439962545,0.0006280211624098,0.2287581699346405,261498.7969
2025-01-30,693897.8303319892,0.0119047619047619,-0.0369855762868863,-1189508.0,-100620.0,-0.0588351985298434,122924.21493634768,31.25,-10229.231597162316,0.0,0.0242535625036333,31.0125,0.0119047619047619,0.1087817811277798,0.0261437908496732,0.1600868357412319,0.0206896551724137,0.2287581699346405,471005.8058086358,0.0,0.0261437908496732,0.1747375725931153,-0.0468965517241379,0.0637931034482758,0.0206896551724137,31.0,0.0196078431372549,1.1822270588653647,0.1176470588235294,0.0261437908496732,123231.67975065424,67.29333333333335,1282782.1553193002,0.0130718954248366,0.0,0.0,1.0,0.0,9.0,3,0.0,0,0.0196078431372549,2599328.5,0.1372549019607843,0.0068965517241379,0.0130718954248366,0.0178571428571428,0.0784313725490196,0.0,0.1699346405228758,0.0915032679738562,0.0588235294117647,0.0206896551724137,0.0022875816993464,0.0081699346405228,-0.0133986928104575,0.3176559966264722,0.0008748739991251,0.1428571428571428,254295.4063
2025-01-31,604552.9066781034,0.0261437908496732,-0.0140327267396183,100153.0,-37330.0,-0.0114279922582422,123231.67975065258,30.375,-6558.828587908763,0.0,0.0,30.5,0.0261437908496732,0.1600868357412319,0.0214285714285714,0.1453280656301975,0.0261437908496732,0.1785714285714285,482571.30023789976,0.0,0.0214285714285714,0.1665763429139199,0.0081699346405228,0.0503267973856209,0.0261437908496732,39.0,0.0071428571428571,1.2615550201474366,0.0595238095238095,0.0071428571428571,123347.59295283094,67.67666666666669,1186767.0302081176,0.0202380952380952,0.0,0.0,1.0,0.0,7.0,1,0.0,0,0.0214285714285714,2564659.0,0.125,0.0065359477124183,0.0285714285714285,0.0130718954248366,0.0833333333333333,0.0,0.2285714285714285,0.0928571428571428,0.0119047619047619,0.0588235294117647,-0.013095238095238,0.0017857142857142,-0.0257142857142857,0.2892703416898375,0.0009501187648455,0.1764705882352941,245875.125
2025-02-03,597403.9555516648,0.0384615384615384,-0.000954380606986,1211206.0,-2450.0,0.0214159464029828,123347.59295282925,29.354166666666668,-58609.41634144122,0.1899999999999999,0.0176090181265124,30.1,0.0384615384615384,0.1935524152846909,0.0697674418604651,0.2557478773014275,0.0,0.3178294573643411,499586.9017333688,1.0351983749999931,0.0697674418604651,0.0372417291079024,-0.0257142857142857,0.0342857142857142,0.0,24.0,0.0310077519379844,1.517261788002761,0.0495049504950495,0.0,122495.85168642338,68.84000000000003,1217569.8791508104,0.0198019801980198,0.0,0.0,0.992248062015504,0.0,7.0,4,0.0,0,0.0077519379844961,2484135.75,0.2178217821782178,0.0285714285714285,0.0620155038759689,0.0256410256410256,0.0792079207920792,0.0128205128205128,0.1240310077519379,0.0775193798449612,0.0099009900990099,0.0214285714285714,-0.0079207920792079,0.0019801980198019,-0.0794573643410852,0.3215534223058486,0.0003986710963455,0.1538461538461538,253548.4844
2025-02-04,677042.0304800275,0.0697674418604651,-0.0299902569723541,1898681.0,-78800.0,-0.0207745864683882,122495.85168642172,28.75,-67449.47192797065,0.1799999999999997,0.0313304179995182,29.6875,0.0697674418604651,0.2557478773014275,0.0061349693251533,0.0783260449987957,0.0,0.2085889570552147,506521.8865806385,0.9807142500000054,0.0061349693251533,0.2066775284717567,0.0019801980198019,0.0321782178217821,0.0,14.0,0.0184049079754601,1.1096786949513506,0.0641025641025641,0.0122699386503067,115647.9343688004,69.59666666666669,1202338.9525770494,-0.0038461538461538,0.0,0.0,1.0,0.0,4.0,3,0.0,0,0.0306748466257668,2523647.0,0.1153846153846153,0.0396039603960396,0.0368098159509202,0.0620155038759689,0.0256410256410256,0.0,0.0797546012269938,0.0552147239263803,0.0384615384615384,0.0099009900990099,0.0064102564102564,-0.0102564102564102,-0.0346625766871165,0.2684563250318613,0.0003131167451038,0.1705426356589147,251062.125
2025-02-05,661133.7548609292,0.0061349693251533,-0.0560711120379542,811224.0,-150570.0,-0.0366727274306206,115647.93436879864,28.9375,-73647.14126816392,0.1699999999999999,0.0076696498884737,29.4125,0.0061349693251533,0.0783260449987957,0.0294117647058823,0.1694568625436561,0.0,0.2058823529411764,509594.55884785,0.9262301250000178,0.0294117647058823,0.146379467210444,-0.0102564102564102,0.0538461538461538,0.0,18.0,0.0058823529411764,1.006920017693917,0.0387596899224806,0.0117647058823529,112246.4949217877,69.43666666666668,1248221.4977897988,-0.0062015503875968,0.0,0.0,1.0,0.0,1.0,1,0.0,0,0.0235294117647058,2477714.0,0.0930232558139534,0.0256410256410256,0.0058823529411764,0.0368098159509202,0.1007751937984496,0.0061349693251533,0.1058823529411764,0.0823529411764705,0.0697674418604651,0.0384615384615384,-0.0596899224806201,-0.0794573643410852,-0.0361764705882352,0.2291027518232351,0.0004363291439413,0.1963190184049079,248854.5781
2025-02-06,679967.9764398778,0.0294117647058823,-0.0581149257401762,975826.0,-155970.0,-0.0758059912252979,112246.49492178588,29.375,-72894.08019500552,0.1600000000000001,0.0,28.975,0.0294117647058823,0.1694568625436561,0.0440251572327044,0.2057992123862582,0.0,0.1698113207547169,505371.8303501733,0.8717460000000017,0.0440251572327044,0.1582360122493366,-0.0794573643410852,0.1027131782945736,0.0,24.0,0.0314465408805031,1.5435198820564762,0.0245398773006134,0.0,99869.11982673958,68.66000000000003,1355849.9526869548,-0.0012269938650306,0.0,0.0,1.0,0.0,13.0,5,0.0,0,0.0440251572327044,2503483.5,0.0981595092024539,0.0620155038759689,0.0062893081761006,0.0058823529411764,0.1104294478527607,0.0058823529411764,0.1069182389937107,0.0691823899371069,0.0061349693251533,0.0697674418604651,-0.0168711656441717,-0.0346625766871165,-0.0292452830188679,0.2757138000672278,0.0001611817466413,0.1352941176470588,239369.9531
2025-02-07,724346.7299006257,0.0440251572327044,-0.034374133141817,1301360.0,-90460.0,-0.0463101655206567,99869.11982673751,28.916666666666668,-53900.35827167146,0.1499999999999994,0.0430331482911935,28.8125,0.0440251572327044,0.2057992123862582,0.0074074074074074,0.086066296582387,0.0,0.2148148148148148,516313.2526880496,0.817261875000014,0.0074074074074074,0.1475053281392647,-0.0346625766871165,0.0395705521472392,0.0,37.0,0.0222222222222222,1.83606761275476,0.0470588235294117,0.0592592592592592,91647.18760477591,69.23333333333335,1364968.7582454332,0.0076470588235294,0.0,0.0,1.0,0.0,6.0,3,0.0,0,0.0,2416381.75,0.1529411764705882,0.0368098159509202,0.0074074074074074,0.0062893081761006,0.1,0.0,0.1037037037037037,0.1111111111111111,0.0294117647058823,0.0061349693251533,-0.0267647058823529,-0.0361764705882352,-0.0577777777777777,0.2545658218665783,0.0009858941301379,0.1698113207547169,243607.5938
2025-02-10,741821.8169718753,0.0666666666666666,-0.0405365382217234,541741.0,-104020.0,-0.0583381534243495,91647.18760477367,28.5625,-120342.70510294102,0.1399999999999996,0.0,28.9375,0.0666666666666666,0.2511236011669613,0.0058823529411764,0.076696498884737,0.0296296296296296,0.2294117647058823,540953.0914898278,0.7627777499999979,0.0058823529411764,0.0951433247908241,-0.0577777777777777,0.0451851851851851,0.0296296296296296,16.0,0.0235294117647058,0.9929090744938944,0.0909090909090909,0.0176470588235294,96473.41520791846,70.12000000000002,1367767.26604203,0.0015151515151515,0.0,0.0,1.0,0.0,6.0,4,0.0,0,0.0411764705882352,2391367.5,0.1363636363636363,0.0074074074074074,0.0588235294117647,0.04,0.106060606060606,0.0,0.1,0.0823529411764705,0.0151515151515151,0.0074074074074074,-0.0833333333333333,-0.0696969696969696,-0.0305882352941176,0.3690748111375473,0.0004356390635653,0.24,246804.2031
2025-02-11,704605.1585432623,0.0058823529411764,-0.0936230078179954,1024321.0,-232920.0,-0.0195692158835307,96473.41520791632,28.479166666666668,-296284.82842647005,0.1299999999999999,0.0357454879333987,28.8125,0.0058823529411764,0.076696498884737,0.0674846625766871,0.2516325548583608,0.0303030303030303,0.2208588957055214,560789.5925422651,0.7082936250000103,0.0674846625766871,0.1265365016558671,-0.0696969696969696,0.0621212121212121,0.0303030303030303,20.0,0.0122699386503067,0.955338349784574,0.08,0.0245398773006134,104759.68142077458,70.04000000000002,1377229.8092402944,0.0026666666666666,0.0,0.0,1.0,0.0,0.0,2,0.0,0,0.0306748466257668,2273568.0,0.1066666666666666,0.0303030303030303,0.0429447852760736,0.0588235294117647,0.1066666666666666,0.0,0.0490797546012269,0.0858895705521472,0.0666666666666666,0.0151515151515151,-0.044,-0.0733333333333333,-0.0570552147239263,0.2757138000672279,0.0002366572634846,0.288235294117647,250125.4063
2025-02-12,702916.9261536858,0.0674846625766871,-0.0852649331293877,1240018.0,-217400.0,-0.066537541897549,104759.6814207726,28.45833333333333,-198065.7971477588,0.1199999999999996,0.0405121434416122,28.525,0.0674846625766871,0.2516325548583608,0.0511363636363636,0.220904280851914,0.0,0.1818181818181818,562618.4162994501,0.6538095000000226,0.0511363636363636,0.107715672307904,-0.0733333333333333,0.052,0.0,36.0,0.0113636363636363,1.5477570701023944,0.0588235294117647,0.0113636363636363,109038.76860945462,70.08666666666669,1378317.4438378315,0.0158823529411764,0.0,0.0,1.0,0.0,3.0,2,0.0,0,0.0227272727272727,2285846.5,0.1235294117647058,0.04,0.0170454545454545,0.0429447852760736,0.0823529411764705,0.0061349693251533,0.1022727272727272,0.0909090909090909,0.0058823529411764,0.0666666666666666,-0.0041176470588235,-0.0305882352941176,-0.0446022727272727,0.2810644011727642,0.0002366012700756,0.2576687116564417,248238.5938
2025-02-13,702733.4214922439,0.0511363636363636,-0.0968586587274323,1533997.0,-253760.0,-0.1019539313860087,109038.76860945272,28.3125,-148585.24503844837,0.1099999999999998,0.0,28.3,0.0511363636363636,0.220904280851914,0.029585798816568,0.1699452118631801,0.0,0.2248520710059171,564438.5065671398,0.5993253750000065,0.029585798816568,0.114527544466641,-0.0305882352941176,0.0524705882352941,0.0,28.0,0.0059171597633136,1.5696697295982065,0.0736196319018405,0.0236686390532544,109966.71808838408,68.82333333333337,1415711.6980871672,-0.0006134969325153,0.0,0.0,1.0,0.0,10.0,1,0.0,0,0.029585798816568,2353743.75,0.1165644171779141,0.0588235294117647,0.0118343195266272,0.0170454545454545,0.1104294478527607,0.0113636363636363,0.1065088757396449,0.0887573964497041,0.0674846625766871,0.0058823529411764,-0.0233128834355828,-0.0570552147239263,-0.0189349112426035,0.2882999880625789,0.000548785103323,0.2159090909090909,249897.5
2025-02-14,700640.8475921379,0.029585798816568,-0.0886925821997194,142122.0,-232630.0,-0.0944800743730543,109966.7180883822,28.291666666666668,-112620.45979669131,0.0999999999999996,0.0172773685116272,28.4375,0.029585798816568,0.1699452118631801,0.0298507462686567,0.1708139958108012,0.0,0.1865671641791045,563481.4589750497,0.5448412500000188,0.0298507462686567,0.1420550177369439,-0.0570552147239263,0.0320245398773006,0.0,26.0,0.0074626865671641,1.2115480701537789,0.0397727272727272,0.0298507462686567,112274.38496403796,68.7366666666667,1425024.7769767365,0.0068181818181818,0.0,0.0,1.0,0.0,12.0,1,0.0,0,0.044776119402985,2387385.75,0.1420454545454545,0.0429447852760736,0.0074626865671641,0.0118343195266272,0.0852272727272727,0.0946745562130177,0.1641791044776119,0.1119402985074626,0.0511363636363636,0.0674846625766871,-0.0301136363636363,-0.0446022727272727,-0.0335820895522388,0.2852384033498332,0.0009834887371626,0.1775147928994082,257625.7969
2025-02-17,738807.2399794619,0.0568181818181818,-0.0691241724049191,-1916419.0,-177280.0,-0.0691218598651907,112274.4194590142,28.3125,-104491.3683874826,0.0899999999999998,0.0,28.375,0.0568181818181818,0.2328215016265566,0.0294117647058823,0.1694568625436561,0.0074626865671641,0.1058823529411764,563248.4898251796,0.4903571250000027,0.0294117647058823,0.0779756278403392,-0.0335820895522388,0.0444029850746268,0.0074626865671641,13.0,0.0058823529411764,1.3276491554047138,0.03125,0.0235294117647058,122770.59858834204,69.06000000000002,1434577.3333483604,-0.0026041666666666,0.0,0.0,1.0,0.0,8.0,1,0.0,0,0.0588235294117647,2254188.0,0.09375,0.0074626865671641,0.0117647058823529,0.0113636363636363,0.03125,0.0,0.0647058823529411,0.0764705882352941,0.0104166666666666,0.0298507462686567,-0.0083333333333333,-0.0505208333333333,-0.09,0.3568628548597954,0.0005479452054792,0.125,258463.5
2025-02-18,772134.2810895417,0.0294117647058823,-0.0556043818073386,-2529492.0,-141720.0,-0.0925664992341903,122770.62559025992,28.39583333333333,-76788.38092200784,0.08,0.0,28.25,0.0294117647058823,0.1694568625436561,0.0473372781065088,0.2129903554594378,0.0104166666666666,0.165680473372781,577571.1369325246,0.435873000000015,0.0473372781065088,0.1240122828314737,-0.0505208333333333,0.0609375,0.0104166666666666,13.0,0.0236686390532544,1.5277788450861645,0.034090909090909,0.0177514792899408,118791.07228770047,69.28000000000003,1425659.7666338775,-0.0102272727272727,0.0,0.0,1.0,0.0,0.0,4,0.0,0,0.0236686390532544,2391724.0,0.0454545454545454,0.0,0.0059171597633136,0.0117647058823529,0.0454545454545454,0.0,0.0828402366863905,0.0946745562130177,0.0568181818181818,0.0104166666666666,-0.059090909090909,-0.0931818181818181,-0.0644970414201183,0.2665346581251685,8.497941609708626e-05,0.0823529411764705,254969.7969
2025-02-19,826643.3399461769,0.0473372781065088,-0.0413923156736114,-1910080.0,-104920.0,-0.0522747436547187,118791.0964061044,27.95833333333333,-48801.3922627694,0.0699999999999998,0.0,28.1375,0.0473372781065088,0.2129903554594378,0.0,0.0,0.0227272727272727,0.2131147540983606,569934.2943086543,0.3813888750000274,0.0,0.148553654354359,-0.0931818181818181,0.0386363636363636,0.0227272727272727,18.0,0.0081967213114754,1.1814168755768837,0.0294117647058823,0.0163934426229508,107309.23150853158,69.06333333333335,1422256.3250681956,-0.0270588235294117,0.0,0.0,1.0,0.0,1.0,1,0.0,0,0.0245901639344262,2401579.0,0.0705882352941176,0.0113636363636363,0.0081967213114754,0.0059171597633136,0.0235294117647058,0.0177514792899408,0.0901639344262295,0.1147540983606557,0.0294117647058823,0.0568181818181818,-0.0197058823529411,-0.09,-0.0598360655737704,0.2936349278217008,0.0001982684554888,0.1597633136094674,257247.2031
2025-02-20,868731.7968891468,0.0,-0.04484047708527,-1971240.0,-113350.0,-0.0307279209787731,107309.25306929892,27.916666666666668,-58041.73585679149,0.06,0.0075592894601845,28.1375,0.0,0.0,0.0057142857142857,0.0755928946018454,0.0,0.1657142857142857,548404.1410280006,0.3269047499999828,0.0057142857142857,0.1431756084098025,-0.09,0.0411764705882352,0.0,20.0,0.0171428571428571,1.2005198654977949,0.0650887573964497,0.0,98862.78584052232,68.0166666666667,1394092.592482439,0.0159763313609467,0.0,0.0,1.0,0.0,7.0,3,0.0,0,0.0228571428571428,2410220.0,0.0650887573964497,0.0117647058823529,0.0171428571428571,0.0081967213114754,0.0532544378698224,0.040983606557377,0.12,0.0628571428571428,0.0473372781065088,0.0294117647058823,-0.0094674556213017,-0.0644970414201183,-0.034,0.3200392876573462,0.0004719741735732,0.1393442622950819,248979.375
2025-02-21,884652.8391629617,0.0057142857142857,-0.03307138050583,-1860704.0,-84040.0,-0.0372534909856605,98862.80495451782,27.89583333333333,-13943.95148947835,0.0499999999999998,0.0,28.0125,0.0057142857142857,0.0755928946018454,0.0138888888888888,0.1174383403823631,0.0,0.1597222222222222,523413.0736845504,0.2724206249999952,0.0138888888888888,0.1041755497033418,-0.0644970414201183,0.0609467455621301,0.0,13.0,0.0208333333333333,1.2533560232038303,0.040983606557377,0.0694444444444444,95023.2993447413,68.02333333333335,1376741.2569995015,-0.0098360655737704,0.0,0.0,1.0,0.0,11.0,3,0.0,0,0.0277777777777777,2364529.0,0.040983606557377,0.0059171597633136,0.0069444444444444,0.0171428571428571,0.0737704918032786,0.0228571428571428,0.0902777777777777,0.0833333333333333,0.0,0.0473372781065088,-0.0012295081967213,-0.0598360655737704,-0.0399305555555555,0.2434022665929683,0.0009435030380797,0.1828571428571428,244719.0938
2025-02-24,904806.8534650084,0.0434782608695652,-0.0215876136243633,-1710991.0,-53150.0,-0.0214586333471522,95023.29824827236,27.979166666666668,-56243.5751571469,0.0399999999999995,0.0,27.9375,0.0434782608695652,0.2054251408446605,0.0067114093959731,0.081923192051904,0.0069444444444444,0.174496644295302,523159.54360855225,0.2179365000000075,0.0067114093959731,0.1064020588356596,-0.0399305555555555,0.0416666666666666,0.0069444444444444,17.0,0.0067114093959731,1.2141092659360522,0.0329670329670329,0.0335570469798657,96477.24471321836,68.65333333333335,1394089.159278182,0.0043956043956043,0.0,0.0,1.0,0.0,8.0,1,0.0,0,0.0134228187919463,2348398.5,0.0989010989010989,0.0069444444444444,0.0134228187919463,0.0,0.0439560439560439,0.0144927536231884,0.0939597315436241,0.0738255033557047,0.0,0.0138888888888888,-0.0164835164835164,-0.0368131868131868,-0.0550335570469798,0.3546067548061299,0.0002356534198024,0.1884057971014492,248006.3438
2025-02-25,920384.5325880144,0.0067114093959731,0.0482941820810403,-1411270.0,108900.0,-0.0179685891022605,96477.26272105797,28.0625,-91673.71085646607,0.0299999999999998,0.0072357460529242,27.9375,0.0067114093959731,0.081923192051904,0.0157068062827225,0.124665438192574,0.0109890109890109,0.2094240837696335,523294.4820898504,0.1634523749999914,0.0157068062827225,0.1702155567269315,-0.0368131868131868,0.0186813186813186,0.0109890109890109,14.0,0.0157068062827225,0.9797902722929036,0.0579710144927536,0.031413612565445,101159.71144142128,68.54000000000003,1407088.136892365,-0.0057971014492753,0.0,0.0,1.0,0.0,2.0,3,0.0,1,0.0157068062827225,2282898.0,0.1594202898550724,0.0219780219780219,0.0052356020942408,0.0134228187919463,0.0579710144927536,0.0,0.06282722513089,0.1204188481675392,0.0434782608695652,0.0,-0.0050724637681159,-0.0101449275362318,-0.043979057591623,0.2623686217319221,0.000471195800703,0.1275167785234899,248324.6875
2025-02-26,925476.446943523,0.0157068062827225,-0.0052437508039274,-1333137.0,-12230.0,0.004102362454081,101159.92871891984,27.75,-122535.2622034694,0.02,0.0,27.8875,0.0157068062827225,0.124665438192574,0.0157480314960629,0.1249921882323455,0.0,0.1417322834645669,527348.7294459776,0.1089682500000037,0.0157480314960629,0.167191970917137,-0.0101449275362318,0.0376811594202898,0.0,20.0,0.0,0.923522272783098,0.0201342281879194,0.0078740157480314,100603.19351408289,68.73333333333336,1406673.8903893526,-0.0046979865771812,0.0052356020942408,0.0,1.0,0.0,3.0,0,0.0,0,0.0236220472440944,2275036.0,0.1342281879194631,0.0,0.0157480314960629,0.0052356020942408,0.0335570469798657,0.0261780104712041,0.0944881889763779,0.0629921259842519,0.0067114093959731,0.0434782608695652,-0.0144295302013422,-0.0550335570469798,-0.055511811023622,0.3263060114624936,0.0002354869398943,0.2094240837696335,250465.5938
2025-02-27,888001.1423004348,0.0157480314960629,-0.0228473378582839,-353702.0,-54060.0,-0.0047293201883853,100603.38547724938,27.77083333333333,-118094.28485075803,0.0100000000000002,0.0,27.85,0.0157480314960629,0.1249921882323455,0.0060975609756097,0.078086880944303,0.0201342281879194,0.1280487804878048,564958.4599476235,0.0544841249999876,0.0060975609756097,0.0801432912451725,-0.0550335570469798,0.0432885906040268,0.0201342281879194,33.0,0.0,1.0871599715914009,0.06282722513089,0.0304878048780487,99075.75729108044,68.77000000000002,1430916.1344398812,0.0151832460732984,0.0,0.0052356020942408,1.0,0.0,9.0,0,0.0,0,0.024390243902439,2193656.0,0.1099476439790576,0.0134228187919463,0.0,0.0157480314960629,0.0418848167539267,0.0236220472440944,0.1707317073170731,0.0853658536585365,0.0157068062827225,0.0067114093959731,-0.0348167539267015,-0.043979057591623,-0.0548780487804878,0.2439109743934686,0.0004708629977021,0.1574803149606299,247459.2813
2025-02-28,888206.9502148137,0.0060975609756097,-0.0596799497960464,-106553.0,-142650.0,-0.0680140945674311,99075.91180685148,27.6875,-165186.2577221142,0.0,0.0,27.8125,0.0060975609756097,0.078086880944303,0.029940119760479,0.1709346983252722,0.0209424083769633,0.1137724550898203,553250.0531216009,0.0,0.029940119760479,0.1924380306246787,-0.043979057591623,0.0400523560209424,0.0209424083769633,14.0,0.0,2.315635384036411,0.0393700787401574,0.0419161676646706,96175.11873990735,68.5166666666667,1570975.5061188946,0.0023622047244094,0.0,0.0,1.0,0.0,10.0,0,0.0052356020942408,0,0.0419161676646706,2205800.0,0.1417322834645669,0.0052356020942408,0.0239520958083832,0.0,0.0787401574803149,0.0060975609756097,0.1197604790419161,0.0838323353293413,0.0157480314960629,0.0157068062827225,-0.0047244094488189,-0.055511811023622,-0.0607784431137724,0.2802811696165085,0.0018825655603456,0.1585365853658536,249580.5
2025-03-05,866777.2861301838,0.0227272727272727,-0.0384438170714339,1480915.0,-91780.0,-0.0760602081356798,96175.2410937959,27.625,-106025.6617485797,1.2350000000000003,0.0144673627280366,27.675,0.0227272727272727,0.1498867562775945,0.0208333333333333,0.1433246595738431,0.0,0.2291666666666666,620921.5657588062,-2.4915314650000084,0.0208333333333333,0.215924901802434,0.0097826086956521,0.075,0.0,21.0,0.0208333333333333,0.4316085451956858,0.0232558139534883,0.0208333333333333,92859.3576462487,69.0166666666667,1630620.789507554,0.0162790697674418,0.0,0.0,1.0,0.0,6.0,3,0.0,0,0.0347222222222222,2290050.0,0.0581395348837209,0.0217391304347826,0.0277777777777777,0.125,0.0697674418604651,0.0,0.0833333333333333,0.0555555555555555,0.0,0.0108695652173913,0.0046511627906976,0.0046511627906976,0.0229166666666666,0.2328215016265566,0.0,0.2954545454545454,242748.9063
2025-03-06,811009.989176691,0.0208333333333333,-0.0328957208142915,1861286.0,-79180.0,0.0159090546130136,92859.46374305962,27.89583333333333,-66776.55110585783,1.17,0.025,27.75,0.0208333333333333,0.1433246595738431,0.0347222222222222,0.1837143741000448,0.0116279069767441,0.1527777777777778,714239.961446713,-2.360398229999987,0.0347222222222222,0.2001747488319395,0.0046511627906976,0.0674418604651162,0.0116279069767441,19.0,0.0347222222222222,1.0388481682640234,0.034090909090909,0.0277777777777777,85110.1696843437,68.84666666666668,1725336.9976912315,-0.0295454545454545,0.0,0.0,1.0,0.0,6.0,5,0.0,0,0.0277777777777777,2270181.25,0.0909090909090909,0.0697674418604651,0.0,0.0277777777777777,0.1704545454545454,0.0,0.0972222222222222,0.0694444444444444,0.0227272727272727,0.0,-0.03125,-0.0789772727272727,0.0381944444444444,0.2298609423892038,0.000234878520829,0.1736111111111111,245865.2031
2025-03-07,808748.8490059379,0.0347222222222222,-0.0511019198715969,1864762.0,-124170.0,-0.0508180500760121,85110.25605212888,28.125,-80448.308143395,1.1050000000000004,0.0,28.0375,0.0347222222222222,0.1837143741000448,0.046875,0.2122016200669899,0.0,0.1328125,733663.3498813222,-2.229264994999994,0.046875,0.185101861434317,-0.0789772727272727,0.0738636363636363,0.0,32.0,0.0234375,1.1518290401770894,0.0069444444444444,0.015625,80100.32955996328,69.40333333333335,1809622.9940221964,0.0256944444444444,0.0,0.0,1.0,0.0,5.0,3,0.0,0,0.0078125,2262289.25,0.1180555555555555,0.125,0.03125,0.0,0.0833333333333333,0.0138888888888888,0.0703125,0.0546875,0.0208333333333333,0.0227272727272727,0.0104166666666666,0.0229166666666666,0.0121093749999999,0.2550956978739844,0.0013244037834738,0.1875,253018.5938
2025-03-10,779152.8076798184,0.0136986301369863,-0.0630399668668461,1082567.0,-152210.0,-0.0579992371685461,80100.39478911189,28.45833333333333,-112044.18355830944,1.04,0.0,28.0875,0.0136986301369863,0.1170411471961305,0.0093457943925233,0.0966736489045663,0.0078125,0.1308411214953271,731459.5109699268,-2.098131760000001,0.0093457943925233,0.1177865365342605,0.0121093749999999,0.068359375,0.0078125,30.0,0.0093457943925233,1.1329377190094316,0.0485436893203883,0.0093457943925233,79580.03742923595,69.96000000000002,1750137.777487674,-0.0077669902912621,0.0,0.0,1.0,0.0,5.0,1,0.0,0,0.0186915887850467,2138846.25,0.1650485436893204,0.03125,0.02803738317757,0.0136986301369863,0.1067961165048543,0.0136986301369863,0.0934579439252336,0.1308411214953271,0.029126213592233,0.046875,-0.0266990291262135,-0.0174757281553398,-0.0649532710280373,0.3145386319505848,0.000272034820457,0.136986301369863,246501.0
2025-03-11,729765.1844266219,0.0093457943925233,-0.1092168505532877,1025647.0,-268360.0,-0.1125929375741633,79580.05786758116,28.416666666666668,-167891.40417180397,0.975,0.0081378845877115,28.1875,0.0093457943925233,0.0966736489045663,0.0,0.0,0.0,0.2317880794701986,687237.0652221177,-1.966998525000008,0.0,0.2565866580743155,-0.0174757281553398,0.0519417475728155,0.0,23.0,0.0,1.220393306848066,0.0821917808219178,0.0066225165562913,82174.75503431165,69.98000000000003,1748633.7485416438,0.0205479452054794,0.0,0.0,1.0,0.0,0.0,0,0.0,0,0.0066225165562913,2159499.75,0.136986301369863,0.029126213592233,0.0264900662251655,0.02803738317757,0.0410958904109589,0.0093457943925233,0.0596026490066225,0.0993377483443708,0.0136986301369863,0.029126213592233,-0.0698630136986301,-0.0630136986301369,-0.0211920529801324,0.3388134720743962,0.0003188506372324,0.1775700934579439,250911.7969
2025-03-12,702872.5150949297,0.0,-0.0503713297715564,1210892.0,-121340.0,-0.0867105908384733,82174.74397817488,28.375,-62511.270441156346,0.91,0.0298974037100774,28.4875,0.0,0.0,0.0279329608938547,0.1652430147010032,0.0273972602739726,0.217877094972067,633538.9829012548,-1.8358652899999868,0.0279329608938547,0.1676114501876157,-0.0630136986301369,0.084931506849315,0.0273972602739726,18.0,0.0111731843575419,1.2942803539222063,0.0654205607476635,0.0502793296089385,79234.22678531086,70.08666666666669,1745059.6778028605,-0.019626168224299,0.0,0.0,1.0,0.0,1.0,2,0.0,0,0.0502793296089385,2272936.75,0.0841121495327102,0.0136986301369863,0.0,0.0264900662251655,0.0373831775700934,0.0,0.0837988826815642,0.106145251396648,0.0093457943925233,0.0136986301369863,-0.0116822429906542,-0.0649532710280373,-0.0251396648044692,0.3001103549789025,0.0001968743847675,0.2185430463576159,247553.7969
2025-03-13,686712.5056125238,0.0279329608938547,-0.0331792049343649,822054.0,-78430.0,-0.0321330753986334,79234.20056860865,28.52083333333333,-58521.149446760304,0.8450000000000002,0.0,28.4625,0.0279329608938547,0.1652430147010032,0.0186335403726708,0.1356488891145534,0.0093457943925233,0.2111801242236025,581952.9235707301,-1.7047320549999938,0.0186335403726708,0.1748749743942418,-0.0649532710280373,0.0663551401869158,0.0093457943925233,41.0,0.0,1.526525303788178,0.0596026490066225,0.0434782608695652,80250.69056727157,69.02000000000002,1738689.5948254226,0.0443708609271523,0.0,0.0,1.0,0.0,7.0,0,0.0,0,0.0496894409937888,2232180.0,0.1655629139072847,0.02803738317757,0.0248447204968944,0.0,0.0596026490066225,0.0,0.0869565217391304,0.1118012422360248,0.0,0.0093457943925233,0.019205298013245,-0.0211920529801324,-0.0391304347826086,0.3088874583559055,0.000234328134373,0.1731843575418994,236419.4063
2025-03-14,691757.9512890949,0.0186335403726708,0.0085730171934468,1458536.0,19890.0,-0.022215213577497,80250.65959315209,28.5,-3583.89711849764,0.7800000000000002,0.0080321932890249,28.4125,0.0186335403726708,0.1356488891145534,0.032258064516129,0.1772574193384166,0.0,0.2451612903225806,541213.7673600233,-1.5735988200000008,0.032258064516129,0.1676379565374431,-0.0211920529801324,0.0705298013245033,0.0,31.0,0.0193548387096774,1.0300471190429494,0.106145251396648,0.0258064516129032,80913.85910791374,68.05333333333336,1732003.348176364,0.0340782122905027,0.0,0.0,1.0,0.0,7.0,3,0.0,0,0.0258064516129032,2335574.75,0.0837988826815642,0.0264900662251655,0.0193548387096774,0.0248447204968944,0.0446927374301676,0.0062111801242236,0.0709677419354838,0.0903225806451612,0.0279329608938547,0.0,0.014804469273743,-0.0251396648044692,-0.0361290322580645,0.3161049829541559,0.001321301059852,0.1801242236024844,225277.5
2025-03-17,681865.0485007176,0.0119047619047619,0.0270968132590567,36174.0,62650.0,0.0266100184788284,80913.83445261969,28.5,28215.99784516916,0.7149999999999999,0.0088388347648318,28.5125,0.0119047619047619,0.1091089451179962,0.015625,0.1245069014309528,0.0,0.1796875,485045.7349365869,-1.442465585000008,0.015625,0.0853177382838027,-0.0361290322580645,0.0783870967741935,0.0,23.0,0.0078125,1.170503626716927,0.0714285714285714,0.0390625,80629.47219280154,67.53666666666669,1681216.6332537814,0.0261904761904761,0.0,0.0,1.0,0.0,6.0,1,0.0,0,0.03125,2346305.5,0.0952380952380952,0.0193548387096774,0.0078125,0.0119047619047619,0.119047619047619,0.0,0.09375,0.1328125,0.0476190476190476,0.032258064516129,-0.013095238095238,-0.044047619047619,-0.0484375,0.3257895656380052,0.0003556254328336,0.1666666666666666,220447.0469
2025-03-18,674455.5814467967,0.015625,0.0439179569318384,-397110.0,98710.0,0.0695867993887828,80629.44654016185,28.9375,-184.57337818015367,0.6500000000000004,0.0235702260395515,28.775,0.015625,0.1245069014309528,0.074074074074074,0.2627034687463669,0.0119047619047619,0.1975308641975308,459307.5648505805,-1.311332350000015,0.074074074074074,0.0986841328221824,-0.044047619047619,0.0678571428571428,0.0119047619047619,24.0,0.0123456790123456,0.9942708362518096,0.0595238095238095,0.0246913580246913,77385.17079276957,66.90666666666668,1653811.948827664,0.0095238095238095,0.0,0.0,1.0,0.0,1.0,2,0.0,0,0.037037037037037,2288538.0,0.1904761904761904,0.0238095238095238,0.0,0.0078125,0.1309523809523809,0.0,0.074074074074074,0.0987654320987654,0.0119047619047619,0.0476190476190476,-0.0648809523809523,-0.0321428571428571,-0.0975308641975308,0.3407054688956916,0.0001964599782959,0.140625,223388.2344
2025-03-19,656548.8728838422,0.074074074074074,0.0442411569959924,-766782.0,101560.0,0.0374276906337835,77384.90991905793,29.4375,45840.1478959322,0.5850000000000004,0.0146647115021353,29.05,0.074074074074074,0.2627034687463669,0.0483870967741935,0.2151619896230575,0.0357142857142857,0.1666666666666666,444463.6566363391,-1.1801991149999935,0.0483870967741935,0.1977530788464157,-0.0321428571428571,0.1089285714285714,0.0357142857142857,30.0,0.010752688172043,0.8033640400700367,0.03125,0.032258064516129,80459.241468387,66.91333333333336,1606814.5727957464,-0.0062499999999999,0.0,0.0,1.0,0.0,7.0,2,0.0,0,0.0483870967741935,2392030.0,0.0859375,0.0119047619047619,0.0053763440860215,0.0,0.140625,0.0246913580246913,0.064516129032258,0.0967741935483871,0.015625,0.0119047619047619,-0.025390625,-0.0484375,-0.0260752688172043,0.2992719227835821,0.0004676699746521,0.1790123456790123,223388.2344
2025-03-20,638505.2796227261,0.0483870967741935,0.0275837478842866,-1410286.0,64210.0,0.0445317787821226,80459.81559656559,29.979166666666668,36832.9909534622,0.52,0.0407433747971512,29.3875,0.0483870967741935,0.2151619896230575,0.0114942528735632,0.1069009452975414,0.0078125,0.1494252873563218,444205.8530579534,-1.049065880000029,0.0114942528735632,0.1353963473678591,-0.0484375,0.05,0.0078125,24.0,0.0057471264367816,0.9017954319005012,0.0432098765432098,0.0402298850574712,78779.7479218071,66.90000000000002,1553371.4754621298,-0.0203703703703703,0.0,0.0,1.0,0.0,7.0,1,0.0,0,0.0229885057471264,2361583.0,0.1296296296296296,0.0078125,0.0057471264367816,0.0053763440860215,0.0864197530864197,0.021505376344086,0.0919540229885057,0.0862068965517241,0.074074074074074,0.015625,-0.016358024691358,-0.0975308641975308,0.0034482758620689,0.2964480221167173,0.0001869805446741,0.1451612903225806,221740.2656
2025-03-21,593940.0473979249,0.0114942528735632,0.0564605669477118,-698895.0,130180.0,0.0402618733636355,78780.15003950232,29.875,72980.8013388468,0.455,0.0,29.6,0.0114942528735632,0.1069009452975414,0.0068493150684931,0.0827605888602367,0.0185185185185185,0.1712328767123287,446208.3309175504,-0.9179326450000076,0.0068493150684931,0.1214886184777812,-0.0975308641975308,0.1219135802469135,0.0185185185185185,36.0,0.0068493150684931,1.0417818390116391,0.0376344086021505,0.0410958904109589,81408.10867174597,66.89000000000003,1491634.341431041,-2.9844704963041845e-19,0.0,0.0,1.0,0.0,7.0,1,0.0,0,0.0410958904109589,2433538.25,0.0967741935483871,0.0,0.0068493150684931,0.0057471264367816,0.075268817204301,0.0229885057471264,0.0890410958904109,0.0753424657534246,0.0483870967741935,0.074074074074074,-0.0137096774193548,-0.0260752688172043,-0.0315068493150684,0.2814793347759652,0.0014020919211463,0.1666666666666666,221059.0781
2025-03-25,546631.2078617326,0.0198019801980198,0.1081470545332383,2760.0,244660.0,0.0756972168788761,81408.68686410427,29.70833333333333,130349.7726399093,0.3900000000000001,0.0188437617975944,29.775,0.0198019801980198,0.1400141435571407,0.0,0.0,0.0597014925373134,0.1571428571428571,483615.2414688482,-0.7867994100000146,0.0,0.1778474148541299,-0.0708955223880597,0.1052238805970149,0.0597014925373134,16.0,0.0142857142857142,0.9654887626863332,0.04,0.0357142857142857,88777.16516354174,67.78666666666669,1434764.4156981723,-0.0186666666666666,0.0,0.0,1.0,0.0,4.0,2,0.0,0,0.0285714285714285,2487679.75,0.1066666666666666,0.0149253731343283,0.0071428571428571,0.0198019801980198,0.0533333333333333,0.0,0.0928571428571428,0.0785714285714285,0.0,0.0149253731343283,-0.0473333333333333,-0.0466666666666666,-0.04,0.3365521159236312,0.000233354801975,0.1188118811881188,228790.2344
2025-03-26,528325.3396900683,0.0,0.1477587868985777,-623774.0,323410.0,0.1630942383072182,88778.11554584552,29.77083333333333,122667.41334087028,0.3250000000000002,0.0382359556450936,29.8875,0.0,0.0,0.0058479532163742,0.0764719112901872,0.0266666666666666,0.1695906432748538,531870.8399916163,-0.6556661749999932,0.0058479532163742,0.1462164131196303,-0.0466666666666666,0.0386666666666666,0.0266666666666666,19.0,0.0058479532163742,1.2681160574069397,0.0099009900990099,0.0467836257309941,93282.0474421398,67.91333333333336,1355453.5508623107,-0.0089108910891089,0.0,0.0,1.0,0.0,3.0,1,0.0,0,0.0292397660818713,2439966.25,0.1584158415841584,0.0,0.0175438596491228,0.0071428571428571,0.1089108910891089,0.0,0.087719298245614,0.1228070175438596,0.0198019801980198,0.0,-0.0039603960396039,-0.0495049504950495,-0.0602339181286549,0.2700348270332812,0.0004666007204314,0.1785714285714285,219276.7344
2025-03-27,489947.7295380047,0.0058479532163742,0.0932037052418068,-402408.0,213210.0,0.129875680698736,93283.32340950333,30.354166666666668,100670.51683221618,0.2599999999999998,0.0270469775096693,30.15,0.0058479532163742,0.0764719112901872,0.1049382716049382,0.3074241751963087,0.0396039603960396,0.1358024691358024,563491.825450351,-0.5245329400000003,0.1049382716049382,0.071602618559101,-0.0495049504950495,0.0475247524752475,0.0396039603960396,41.0,0.037037037037037,0.924245081226294,0.0214285714285714,0.0432098765432098,96036.768955363,68.00666666666667,1239942.0738283808,0.0335714285714285,0.0,0.0,1.0,0.0,6.0,6,0.0,0,0.0308641975308641,2412081.5,0.0928571428571428,0.0198019801980198,0.0061728395061728,0.0175438596491228,0.0714285714285714,0.0,0.0617283950617283,0.0802469135802469,0.0,0.0198019801980198,-0.0328571428571428,-0.04,0.0203703703703703,0.3291794846689796,0.0001958809044102,0.1871345029239766,219276.7344
2025-03-28,443472.7214355408,0.1049382716049382,0.0554301216417256,-158840.0,126680.0,0.0612180475325589,96038.34069031816,30.39583333333333,10830.467610100284,0.1949999999999998,0.0,30.025,0.1049382716049382,0.3074241751963087,0.0414201183431952,0.1998520162579474,0.0285714285714285,0.1301775147928994,566768.724251684,-0.3933997050000073,0.0414201183431952,0.1346723652526119,-0.04,0.0660714285714285,0.0285714285714285,40.0,0.0355029585798816,1.1540598092787502,0.0467836257309941,0.0710059171597633,97302.69346907405,67.23000000000002,1147872.0478552768,-0.0040935672514619,0.0,0.0,1.0,0.0,7.0,6,0.0,0,0.0118343195266272,2378562.75,0.1111111111111111,0.0071428571428571,0.0118343195266272,0.0061728395061728,0.0994152046783625,0.0246913580246913,0.1065088757396449,0.1005917159763313,0.0058479532163742,0.0,-0.0590643274853801,-0.0602339181286549,-0.0831360946745562,0.2725174804747906,0.0010165160544257,0.1543209876543209,233739.3906
2025-03-31,366091.0632745137,0.0886075949367088,0.0164960084787775,-28084.0,38600.0,0.0655783807757439,97304.6761737756,30.20833333333333,-20528.624543242626,0.1300000000000007,0.0637533521198433,30.0875,0.0886075949367088,0.2859923532114513,0.0245901639344262,0.155511140899212,0.059171597633136,0.1721311475409836,751636.3438758943,-0.2622664699999859,0.0245901639344262,0.1018173071616515,-0.0831360946745562,0.0825443786982248,0.059171597633136,28.0,0.040983606557377,1.0391666019763404,0.0476190476190476,0.0245901639344262,97181.58013893494,67.52000000000002,1352933.3532753943,0.0095238095238095,0.0,0.0,1.0,0.0,8.0,5,0.0,0,0.0163934426229508,2338760.75,0.119047619047619,0.0118343195266272,0.0327868852459016,0.0,0.1309523809523809,0.0126582278481012,0.1065573770491803,0.0901639344262295,0.0476190476190476,0.0414201183431952,-0.0446428571428571,-0.0369047619047619,-0.1036885245901639,0.3612161649468222,0.000465818256349,0.1012658227848101,242385.9688
2025-04-01,894116.0501793757,0.0245901639344262,0.0063038745457377,3709231.0,14970.0,0.0013641181897516,97183.87591603234,30.27083333333333,-8494.469824838452,-0.7900000000000009,0.0147042924418761,30.4875,0.0245901639344262,0.155511140899212,0.0324324324324324,0.1776263390765147,0.0595238095238095,0.1729729729729729,833556.998367543,1.5989584099999945,0.0324324324324324,0.1586442527043952,-0.0369047619047619,0.0517857142857142,0.0595238095238095,24.0,0.0162162162162162,0.9644077229933472,0.0379746835443038,0.027027027027027,93496.7586888943,67.74000000000002,1523907.4538540682,-0.0443037974683544,0.0,0.0,1.0,0.0,0.0,3,0.0,0,0.0108108108108108,2356530.75,0.1518987341772152,0.0,0.054054054054054,0.0327868852459016,0.050632911392405,0.040983606557377,0.0864864864864864,0.054054054054054,0.0886075949367088,0.0476190476190476,-0.0746835443037974,-0.1037974683544303,-0.0718918918918919,0.2875975827395207,0.000614593809364,0.1639344262295081,249104.0938
2025-04-03,1264210.2079645414,0.0,0.0043557756647671,4583473.0,10220.0,0.0043580215790313,93499.97009350648,30.95833333333333,-37696.42507961579,-0.8100000000000005,0.0517515141486773,30.7375,0.0,0.0,0.0,0.0,0.0491803278688524,0.1952662721893491,844091.2861303486,1.6390341899999896,0.0,0.2040950591044676,-0.1036885245901639,0.1045081967213114,0.0491803278688524,43.0,0.0355029585798816,0.9957998579041738,0.0324324324324324,0.0236686390532544,90248.55385196635,67.85333333333337,1551004.1612112713,-0.0156756756756756,0.0,0.0,1.0,0.0,10.0,6,0.0,0,0.0059171597633136,2275658.75,0.1297297297297297,0.0327868852459016,0.1301775147928994,0.1496062992125984,0.0918918918918919,0.0078740157480314,0.059171597633136,0.0946745562130177,0.0324324324324324,0.0245901639344262,-0.0483783783783783,-0.0718918918918919,-0.0698224852071005,0.3331458040170372,0.0002698829266476,0.2204724409448819,245716.1719
2025-04-04,1442204.51398668,0.0,-0.0506849772230473,3775366.0,-121500.0,-0.0055495031808834,90252.2474872633,31.08333333333333,-107274.38459584305,-0.7650000000000001,0.0891838038773776,30.525,0.0,0.0,0.0140845070422535,0.1182565724236352,0.0216216216216216,0.2464788732394366,854226.3393027034,1.5479767349999918,0.0140845070422535,0.1496685546360026,-0.0718918918918919,0.0843243243243243,0.0216216216216216,42.0,0.0070422535211267,1.176998785574833,0.0472440944881889,0.0140845070422535,102223.27325524272,67.49333333333335,1632013.2152145652,-0.021259842519685,0.0,0.0,1.0,0.0,14.0,1,0.0,0,0.0070422535211267,2107816.0,0.0629921259842519,0.054054054054054,0.0985915492957746,0.1301775147928994,0.1653543307086614,0.0059171597633136,0.056338028169014,0.0845070422535211,0.0,0.0324324324324324,-0.0551181102362204,-0.0637795275590551,-0.1306338028169014,0.2936349278217008,0.0009768986723484,0.1952662721893491,245716.1719
2025-04-07,1636478.559399759,0.0129870129870129,-0.1085730530135491,4560338.0,-259710.0,-0.1188170716922446,102225.6898064774,30.9375,-226746.3479676675,-0.7200000000000006,0.0,30.8125,0.0129870129870129,0.1139605764596379,0.0071428571428571,0.0845154254728516,0.0352112676056338,0.1857142857142857,894329.869278697,1.456919279999994,0.0071428571428571,0.0983110968829812,-0.1306338028169014,0.1584507042253521,0.0352112676056338,19.0,0.0285714285714285,0.9601248205937843,0.024390243902439,0.0071428571428571,120713.00987410617,68.69333333333337,1685767.5356520873,-0.0207317073170731,0.0,0.0,1.0,0.0,13.0,4,0.0,0,0.0071428571428571,2025967.25,0.0975609756097561,0.0985915492957746,0.1642857142857142,0.0389610389610389,0.1463414634146341,0.0,0.1,0.1357142857142857,0.0,0.0140845070422535,-0.0975609756097561,-0.0756097560975609,-0.185,0.3233877407933399,0.0004182622597312,0.1948051948051948,251488.2969
2025-04-08,1815184.616838029,0.0071428571428571,-0.1257954069609912,4338589.0,-306420.0,-0.1421147382920693,120714.09799036969,30.979166666666668,-207757.1719707469,-0.6750000000000003,0.0314269680527354,31.2,0.0071428571428571,0.0845154254728516,0.0123456790123456,0.1107655080620504,0.0365853658536585,0.191358024691358,899212.5174296983,1.365861824999996,0.0123456790123456,0.219712041761402,-0.0756097560975609,0.1085365853658536,0.0365853658536585,18.0,0.0246913580246913,0.7570692829859467,0.0519480519480519,0.0246913580246913,139307.11464374707,69.52666666666669,1695909.4451973157,-0.0402597402597402,0.0,0.0,1.0,0.0,4.0,4,0.0,1,0.0061728395061728,1990621.25,0.1168831168831168,0.0975609756097561,0.0925925925925925,0.1642857142857142,0.1168831168831168,0.0071428571428571,0.074074074074074,0.0864197530864197,0.0129870129870129,0.0,-0.087012987012987,-0.1506493506493506,-0.0999999999999999,0.3437146693045986,0.000232270771975,0.2,248586.4063
2025-04-09,1913872.8585681263,0.0123456790123456,-0.1241787829833064,3976050.0,-311310.0,-0.1820053578364753,139307.13377801003,31.02083333333333,-128075.5365449614,-0.6299999999999999,0.0424810353543775,30.975,0.0123456790123456,0.1107655080620504,0.0,0.0,0.0129870129870129,0.18125,872206.2700298149,1.2748043699999982,0.0,0.1442943957070642,-0.1506493506493506,0.1493506493506493,0.0129870129870129,25.0,0.00625,0.7213882057507085,0.0071428571428571,0.05,137115.89392440236,70.18000000000002,1718140.864079845,-0.0578571428571428,0.0061728395061728,0.0,1.0,0.0,9.0,1,0.0,0,0.05,2183577.0,0.0428571428571428,0.0389610389610389,0.0875,0.0925925925925925,0.1,0.0123456790123456,0.05625,0.1,0.0071428571428571,0.0129870129870129,-0.1292857142857143,-0.185,-0.0334375,0.2818541477452139,0.0005108770365418,0.2469135802469135,252848.7188
2025-04-10,2018213.2071404776,0.0,-0.1356511078027849,4562130.0,-340780.0,-0.1222435283319728,137116.0678923745,31.14583333333333,-137809.2949692509,-0.5850000000000004,0.0,30.925,0.0,0.0,0.0,0.0,0.0071428571428571,0.1904761904761904,840599.9165001473,1.1837469150000004,0.0,0.1805607965696364,-0.185,0.1985714285714285,0.0071428571428571,36.0,0.0178571428571428,0.9766120157820256,0.0185185185185185,0.0,139930.04752284335,70.39000000000003,1713277.984888521,-0.0253086419753086,0.0,0.0061728395061728,1.0,0.0,14.0,3,0.0,0,0.0357142857142857,2111490.25,0.0555555555555555,0.1642857142857142,0.0476190476190476,0.0875,0.1481481481481481,0.0375,0.0714285714285714,0.0892857142857142,0.0123456790123456,0.0071428571428571,-0.0907407407407407,-0.0999999999999999,-0.0485119047619047,0.3009419175453115,0.0002320982611199,0.225,259963.4063
2025-04-11,2306313.450071871,0.0,-0.0885403754028743,6632913.0,-221420.0,-0.1346231735787328,139930.05547286573,31.0625,-27006.50497217942,-0.54,0.0255662373854278,31.1875,0.0,0.0,0.0658682634730539,0.2487977005399251,0.0185185185185185,0.2934131736526946,815353.355306607,1.0926894600000026,0.0658682634730539,0.1623174327027889,-0.0999999999999999,0.0666666666666666,0.0185185185185185,37.0,0.029940119760479,1.247260904866233,0.075,0.0059880239520958,140175.79865899982,70.30333333333336,1684361.3787363346,0.025625,0.0,0.0,1.0,0.0,10.0,5,0.0061728395061728,0,0.0239520958083832,2248803.0,0.08125,0.0925925925925925,0.0119760479041916,0.0476190476190476,0.0875,0.0,0.1437125748502994,0.0658682634730539,0.0,0.0123456790123456,-0.058125,-0.0334375,0.0625748502994012,0.2860081892981292,0.0009281776160685,0.2083333333333333,259963.4063
2025-04-14,2312615.1941327164,0.0344827586206896,0.0136479718748963,4122425.0,32920.0,-0.0676919498781446,140175.72504192693,32.8125,125430.30502517102,-0.4950000000000005,0.0113955676088692,32.1,0.0344827586206896,0.1835233881596671,0.0326797385620915,0.1783808998801061,0.0538922155688622,0.2483660130718954,897135.9732290021,1.0016320050000047,0.0326797385620915,0.1109845131050182,0.0625748502994012,0.2386227544910179,0.0538922155688622,36.0,0.0522875816993464,0.9937887597830872,0.0188679245283018,0.0065359477124183,140307.93830253868,72.41333333333336,1656511.3611049114,0.0622641509433962,0.0,0.0,1.0,0.0,8.0,8,0.0,0,0.0326797385620915,2354419.25,0.1886792452830188,0.0119760479041916,0.0065359477124183,0.0344827586206896,0.0754716981132075,0.0,0.0457516339869281,0.0718954248366013,0.0188679245283018,0.0658682634730539,0.0245283018867924,0.0981132075471698,0.0862745098039215,0.2735805142573971,0.0964780504089466,0.2068965517241379,266850.0313
2025-04-15,2320030.830742676,0.0326797385620915,-0.0042168370778958,3391448.0,-10030.0,-0.0101504574558732,140308.27743813166,34.458333333333336,44297.41883229744,-0.4500000000000002,0.0150329205600565,33.0125,0.0326797385620915,0.1783808998801061,0.0282485875706214,0.1661522621475365,0.0660377358490566,0.2259887005649717,1031149.6044015994,0.9105745500000068,0.0282485875706214,0.1916201092105678,0.0981132075471698,0.230188679245283,0.0660377358490566,30.0,0.0225988700564971,0.7954673856179906,0.0459770114942528,0.03954802259887,139966.28581237746,70.81000000000003,1622811.7543061196,0.0586206896551724,0.0,0.0,1.0,1.0,5.0,4,0.0,0,0.03954802259887,2284279.5,0.1724137931034483,0.0377358490566037,0.0056497175141242,0.0065359477124183,0.057471264367816,0.0130718954248366,0.096045197740113,0.0734463276836158,0.0344827586206896,0.0188679245283018,0.0022988505747126,0.0505747126436781,0.0076271186440677,0.2591630040655854,0.0155697637049438,0.1111111111111111,270610.875
2025-04-16,2284151.8319339366,0.0282485875706214,-0.0357659957316818,-494004.0,-85470.0,-0.0232949223215755,139966.45217893767,36.625,-18097.57343744533,-0.4049999999999998,0.0075592894601845,34.55,0.0282485875706214,0.1661522621475365,0.0342857142857142,0.182484225649335,0.0459770114942528,0.24,1029101.8387357228,0.8195170949999806,0.0342857142857142,0.1495520618682322,0.0505747126436781,0.2333333333333333,0.0459770114942528,27.0,0.0171428571428571,0.7455175299887492,0.0261437908496732,0.0228571428571428,141512.45144222173,70.8766666666667,1543472.64120677,0.0928104575163398,0.0,0.0,1.0,0.0,4.0,3,0.0,0,0.0342857142857142,2177975.0,0.2091503267973856,0.0344827586206896,0.0057142857142857,0.0056497175141242,0.0392156862745098,0.0112994350282485,0.0914285714285714,0.0742857142857142,0.0326797385620915,0.0344827586206896,0.0300653594771241,0.0862745098039215,0.0005714285714285,0.261607766557817,-0.0233172055994603,0.1525423728813559,275993.4375
2025-04-21,2217568.6981329345,0.0533333333333333,-0.0757681845764747,-2928511.0,-178550.0,-0.0757706004897241,141512.0525384105,36.270833333333336,-130600.18549102172,-0.3599999999999999,0.0,35.175,0.0533333333333333,0.2262104576963035,0.040650406504065,0.1982866770381131,0.0120481927710843,0.1788617886178861,1046482.4790078992,0.7284596400000112,0.040650406504065,0.1156571509962811,0.0024096385542168,0.0951807228915662,0.0120481927710843,21.0,0.008130081300813,1.0295513632627378,0.0595238095238095,0.040650406504065,151061.6294720371,70.55333333333336,1476783.061884366,0.0119047619047619,0.0,0.0,1.0,0.0,4.0,1,0.0,0,0.024390243902439,2045707.375,0.119047619047619,0.036144578313253,0.024390243902439,0.0533333333333333,0.0595238095238095,0.0,0.065040650406504,0.1219512195121951,0.0238095238095238,0.0481927710843373,-0.0398809523809523,-0.0011904761904761,0.0378048780487804,0.2731201101980493,-0.0873187077411047,0.2133333333333333,281295.25
2025-04-22,2188733.5535660163,0.040650406504065,-0.0472698030461492,-3232663.0,-107570.0,-0.0472709275940428,143786.547828378,35.708333333333336,-127110.16782520992,-0.3150000000000004,0.0258198889747161,35.8,0.040650406504065,0.1982866770381131,0.0074074074074074,0.086066296582387,0.0119047619047619,0.1777777777777777,1081960.2672217016,0.6374021849999849,0.0074074074074074,0.1318119250291922,-0.0011904761904761,0.1011904761904761,0.0119047619047619,16.0,0.0,0.9020583304973572,0.08,0.0296296296296296,149999.80959691983,71.75333333333334,1452352.6740967245,-0.0106666666666666,0.0,0.0,1.0,0.0,5.0,0,0.0,0,0.0592592592592592,2163891.0,0.1733333333333333,0.0238095238095238,0.0148148148148148,0.024390243902439,0.08,0.0,0.0814814814814814,0.1037037037037037,0.0533333333333333,0.0238095238095238,-0.0626666666666666,0.024,0.034074074074074,0.3285678275076407,0.0214028138487694,0.1219512195121951,284298.6563
2025-04-23,2128660.8786499985,0.0074074074074074,0.0709415097171155,-3475578.0,151270.0,0.026603365758681,143184.64476533828,34.333333333333336,-10504.437556141987,-0.27,0.0,35.4625,0.0074074074074074,0.086066296582387,0.0935251798561151,0.2922200464047612,0.0133333333333333,0.2014388489208633,1041188.7309492684,0.5463447300000155,0.0935251798561151,0.1444839848929537,0.024,0.0866666666666666,0.0133333333333333,13.0,0.0071942446043165,0.989518628975189,0.032520325203252,0.0215827338129496,148075.3684430215,71.89000000000003,1468617.056146826,0.0268292682926829,0.0,0.0,1.0,0.0,2.0,1,0.0,0,0.0215827338129496,2239402.0,0.1219512195121951,0.0533333333333333,0.014388489208633,0.0148148148148148,0.073170731707317,0.0148148148148148,0.079136690647482,0.0935251798561151,0.040650406504065,0.0533333333333333,-0.0020325203252032,0.0378048780487804,0.0262589928057553,0.30601126879246,0.0266799593901201,0.1629629629629629,275405.875
2025-04-24,2090040.4139968893,0.0935251798561151,0.0948887970546246,-3578926.0,202060.0,0.1053495558726331,141445.78840926377,34.0,33843.1279253955,-0.2249999999999996,0.0178885438199983,34.9,0.0935251798561151,0.2922200464047612,0.032,0.1767082523585497,0.0,0.232,972784.3154362518,0.4552872749999892,0.032,0.1437467275334356,0.0378048780487804,0.0560975609756097,0.0,31.0,0.056,1.6549827014006768,0.0148148148148148,0.048,141855.11080971762,70.80000000000003,1496047.8633599011,0.04,0.0,0.0,1.0,0.0,5.0,7,0.0,0,0.024,2232745.25,0.1185185185185185,0.024390243902439,0.008,0.014388489208633,0.0518518518518518,0.0071942446043165,0.08,0.064,0.0074074074074074,0.040650406504065,0.0092592592592592,0.034074074074074,0.0296,0.292220046404761,0.0480356347438752,0.1798561151079136,281827.4688
2025-04-25,2027911.71476674,0.032,0.0282559982510794,-2630057.0,62040.0,0.121632379841218,135398.66846176228,33.791666666666664,-36169.55092464201,-0.1800000000000001,0.0233273717556837,34.1,0.032,0.1767082523585497,0.0205479452054794,0.1423535221608892,0.0148148148148148,0.184931506849315,930697.6193376496,0.3642298200000198,0.0205479452054794,0.2140334613574362,0.034074074074074,0.1088888888888888,0.0148148148148148,29.0,0.0273972602739726,1.0891529429824671,0.0287769784172661,0.0136986301369863,129621.1823233321,71.20333333333336,1527892.5438243295,0.0215827338129496,0.0,0.0,1.0,0.0,7.0,4,0.0,0,0.0136986301369863,2225242.75,0.079136690647482,0.0148148148148148,0.0068493150684931,0.008,0.0863309352517985,0.008,0.0958904109589041,0.1095890410958904,0.0935251798561151,0.0074074074074074,0.0064748201438848,0.0262589928057553,0.022945205479452,0.2457378619061245,-0.0019125822410364,0.16,290890.5313
2025-04-28,1953735.887555868,0.0256410256410256,0.0328589849866445,-3289984.0,71350.0,0.0190814200735764,123209.631783897,33.5,-46232.927027056925,-0.1349999999999998,0.0478913142610575,33.8,0.0256410256410256,0.1590849625452553,0.0,0.0,0.0342465753424657,0.1559633027522936,989744.1657025256,0.2731723649999935,0.0,0.0859124692984224,0.022945205479452,0.0657534246575342,0.0342465753424657,14.0,0.036697247706422,1.343741233604227,0.05,0.0091743119266055,120121.21540844828,72.47333333333336,1508916.3600791376,0.0349999999999999,0.0,0.0,1.0,0.0,8.0,4,0.0,0,0.036697247706422,2179248.75,0.0875,0.0068493150684931,0.0,0.0128205128205128,0.0875,0.0256410256410256,0.073394495412844,0.073394495412844,0.0375,0.0205479452054794,-0.015,0.02,-0.0256880733944954,0.3215534223058485,-0.0093683197492696,0.1923076923076923,299421.75
2025-04-29,1874464.7137400587,0.0,-0.0351721535869717,-5132172.0,-80170.0,0.0320903684021274,113912.23296403718,33.583333333333336,-81241.21969114663,-0.0899999999999998,0.0,33.625,0.0,0.0,0.0333333333333333,0.1801068536930329,0.0125,0.14,1019200.3723919168,0.1821149099999957,0.0333333333333333,0.1474900435486189,0.02,0.0375,0.0125,22.0,0.1,0.9767773337519376,0.0384615384615384,0.0733333333333333,111470.72208517972,72.57000000000004,1497918.5083534955,0.0256410256410256,0.0,0.0,1.0,0.0,3.0,15,0.0,0,0.0133333333333333,2158847.75,0.141025641025641,0.0375,0.0066666666666666,0.0,0.0641025641025641,0.0091743119266055,0.0666666666666666,0.08,0.0256410256410256,0.0375,-0.0474358974358974,-0.0089743589743589,-0.0073333333333333,0.2619874897475713,0.0064478966960976,0.1926605504587156,303058.375
2025-04-30,1746046.989361816,0.0333333333333333,-0.1170347648261759,-1316313.0,-286150.0,-0.0400013918515761,105525.92099392174,33.416666666666664,-110002.05591103714,-0.0449999999999999,0.0,33.55,0.0333333333333333,0.1801068536930329,0.0746268656716417,0.2637743872954872,0.0128205128205128,0.1417910447761194,1008637.966118676,0.0910574549999978,0.0746268656716417,0.147687620028287,-0.0089743589743589,0.0737179487179487,0.0128205128205128,22.0,0.0373134328358208,0.653753095319457,0.0275229357798165,0.0373134328358208,105727.7496343046,72.60333333333335,1663271.9761387904,-0.0018348623853211,0.0,0.0,1.0,0.0,3.0,5,0.0,0,0.0149253731343283,2100843.75,0.110091743119266,0.0128205128205128,0.0074626865671641,0.0066666666666666,0.0642201834862385,0.0133333333333333,0.044776119402985,0.0746268656716417,0.0,0.0256410256410256,-0.0261467889908256,-0.0256880733944954,-0.0164179104477611,0.2722020568099066,0.0011361015486857,0.1466666666666666,304796.9688
