fecha,merval_price_return_ars,merval_total_return_ars,merval_apertura,merval_maximo,merval_minimo,merval_cierre,embi_spread_arg,embi_spreads_brz,embi_spread_global,emae_original,emae_desestacionalizado,emae_tendencia_ciclo,tc_minorista,tc_mayorista,rrii,tamar,badlar,tm20,tasa_depositos,tasa_prestamos_personales,base_monetaria,circulacion_monetaria,dep_ccorrientes,dep_cahorro,dep_plazo,inflacion_rem,cer,uva,m1,m2,m3
2024-10-01,1517592.02,1728761.16,1697400.625,1737280,1681680,1728761.125,1287.887,210.367,323.12,147.9975284,149.0659407,148.2087261,1005.53,971.25,28.461,44.1875,42,43.1875,37.61,66.12,23753981,14831896,20872156,49928240,45186941,35,4699775,1185.22,35704052,85632292,130819233
2024-10-02,1505651.32,1715158.94,1728761.125,1737220,1713790,1715159,1278.02,202.058,321.211,147.9975284,149.0659407,148.2087261,1006.48,971.75,29.138,43.6875,40.0625,41.6875,38.41,70.55,24129288,14869181,20764329,50053969,45187714,35,4706225,1186.85,35633510,85687479,130875193
2024-10-03,1540619.08,1754992.39,1715159,1756900,1715160,1754992.375,1264.725,196.609,318.365,147.9975284,149.0659407,148.2087261,1006.78,972.75,29.231,43.6875,40.4375,42,39.52,69.64,24190411,14951887,20506818,49914235,45268430,35,4712684,1188.48,35458705,85372940,130641370
2024-10-04,1541955.27,1756514.5,1754992.375,1763550,1747130,1756515.5,1239.093,194.898,312.592,147.9975284,149.0659407,148.2087261,1006.75,974.83,28.313,43.375,39.8125,41.3125,38.57,69.46,24159079,15003839,20042173,50018381,45031409,35,4719151,1190.11,35046012,85064393,130095802
2024-10-07,1505155.08,1714593.66,1756515.5,1756510,1707200,1714593.625,1203.516,194.874,312.986,147.9975284,149.0659407,148.2087261,1008.7,975.5,28.557,42.8125,39.0625,40.875,38.89,71.03,24006331,15043715,20241818,48662084,44865592,35,4738607,1191.74,35285533,83947617,128813209
2024-10-08,1519881.88,1731369.65,1714593.625,1737430,1714420,1731369.625,1184.795,197.896,316.041,147.9975284,149.0659407,148.2087261,1009.75,975.92,28.388,40.75,38.5,39.75,37.94,69.65,23956307,15101095,20427787,48241260,45051245,35,4745109,1196.65,35528882,83770142,128821387
2024-10-09,1555490.19,1771932.78,1731369.625,1784040,1712530,1771931.75,1124.822,197.67,310.957,147.9975284,149.0659407,148.2087261,1009.76,976.25,28.346,43.125,38.5625,40.125,38.04,70.4,23876709,15198216,20390462,47728522,45197611,35,4751621,1198.3,35588678,83317200,128514811
2024-10-10,1565196,1782989.12,1771931.75,1807040,1768920,1782989.125,1124.717,202.931,314.862,147.9975284,149.0659407,148.2087261,1011.27,979.42,28.632,44.25,39.625,41.4375,39.03,71.9,24964156,15246086,21107794,47124521,45821403,35,4758142,1199.94,36353880,83478401,129299804
2024-10-14,1584004.34,1804414.59,1782989.125,1821030,1782990,1797829.875,,,,147.9975284,149.0659407,148.2087261,1011.22,980.17,28.702,43.125,39.6875,41.375,38.97,73.55,23545508,15275380,22458128,46219451,45734171,35,4784315,1201.59,37733508,83952959,129687130
2024-10-15,1594394.52,1816250.54,1797829.875,1823000,1786600,1816250.5,1043.599,202.394,313.239,147.9975284,149.0659407,148.2087261,1012.18,980.58,28.271,40.6875,39.375,40.1875,39.27,68.83,22743863,15282126,23292858,45359430,46979485,35,4790881,1208.2,38574984,83934414,130913899
2024-10-16,1559113.72,1776060.51,1797829.875,1834670,1773040,1776060.5,1052.785,202.999,312.369,147.9975284,149.0659407,148.2087261,1011.85,981.58,28.294,43.625,40.4375,42,39.29,69.29,22644832,15281782,22781636,45646568,47365496,35,4796200,1209.85,38063418,83709986,131075482
2024-10-17,1581536.95,1801603.87,1776060.5,1815010,1776060,1802713.125,1099.502,196.793,302.881,147.9975284,149.0659407,148.2087261,1012.92,981.75,28.273,44.25,40.625,42.3125,37.36,68.78,22676812,15296039,21985895,46160838,48095587,35,4801526,1211.2,37281934,83442772,131538359
2024-10-18,1600609.05,1823329.81,1801603.875,1817810,1781720,1805584.375,1096.098,199.986,305.264,147.9975284,149.0659407,148.2087261,1014.42,983.83,28.488,43.875,40.25,41.875,38.71,70.01,22522901,15306705,21896947,46137914,49065778,35,4806857,1212.54,37203652,83341566,132407344
2024-10-21,1598305.19,1820705.37,1805584.375,1831960,1812430,1820705.375,1093.904,198.3,304.353,147.9975284,149.0659407,148.2087261,1018.86,984.42,28.314,43.3125,41.3125,42.75,39.92,72.05,22706815,15311529,22849372,45428804,48793758,35,4822887,1213.89,38160901,83589705,132383463
2024-10-22,1586747.33,1807539.27,1820705.375,1835810,1803590,1807539.25,1100.765,202.995,309.751,147.9975284,149.0659407,148.2087261,1015.3,984.83,28.416,44.25,42.3125,43.4375,41.12,69.68,22914174,15315431,23435882,45098217,49421794,35,4828242,1217.94,38751313,83849530,133271324
2024-10-23,1557584.57,1774318.59,1807539.25,1810060,1759560,1774318.625,1093.482,204.644,311.142,147.9975284,149.0659407,148.2087261,1015.43,985.92,28.511,44.125,40.875,42.4375,38.58,69.22,22775031,15327495,23183090,46052273,49356014,35,4833603,1219.29,38510585,84562858,133918872
2024-10-24,1624016.9,1849994.8,1774318.625,1852320,1774320,1849994.75,1036.602,205.44,310.193,147.9975284,149.0659407,148.2087261,1015.68,986.33,29.057,44.3125,42.375,43.4375,39.88,71.07,22507691,15343371,23006616,46650956,49578016,35,4838970,1220.64,38349987,85000943,134578959
2024-10-25,1644022.96,1872784.66,1849994.75,1894260,1849990,1872784.625,967.356,198.724,304.433,147.9975284,149.0659407,148.2087261,1018.2,988.33,29.163,44,41.0625,42.5,38.47,71.17,22685890,15361792,22647214,47098275,50319180,35,4844342,1222,38009006,85107281,135426461
2024-10-28,1625701.46,1851913.76,1872784.625,1902990,1845460,1851913.75,967.356,198.724,304.433,147.9975284,149.0659407,148.2087261,1018.83,988.83,29.368,43.625,40.3125,41.9375,39.08,75.16,22202345,15406298,23947099,47645336,49472640,35,4860497,1223.36,39353397,86998733,136471373
2024-10-29,1620193.36,1845639.23,1851913.75,1883420,1844120,1845639.25,933.841,198.354,305.453,147.9975284,149.0659407,148.2087261,1019.74,989.25,29.669,44.4375,42.5,43.5,40.59,70.22,22150936,15469317,24278236,48963547,49617649,35,4865894,1227.43,39747553,88711100,138328749
2024-10-30,1613079.25,1837535.2,1845639.25,1870920,1825750,1837535.25,956.838,194.961,300.396,147.9975284,149.0659407,148.2087261,1020.01,990.25,29.863,43.875,41.4375,42.625,39.47,69.62,22501007,15478969,24428847,50623156,49166279,35,4871297,1228.8,39907816,90530972,139697251
2024-10-31,1622919.11,1848744.26,1837535.25,1857860,1815360,1848744.25,983.968,200.871,304.861,147.9975284,149.0659407,148.2087261,1020.75,990.75,28.618,42.125,40.5625,41.5,40.45,68.27,22715300,15532073,23604153,53138559,48569336,35,4876705,1230.16,39136226,92274785,140844121
2024-11-01,1647680.59,1879878.59,1848744.25,1908130,1851670,1879878.625,949.795,197.846,300.13,148.070583,150.6287101,149.1147044,1022.75,992.75,29.603,39.75,37.5,38.5625,36.7,72.04,25347133,15588184,21846465,54148657,48899290,29.4,4882120,1231.53,37434649,91583306,140482596
2024-11-04,1682027.69,1919066.03,1879876.625,1926470,1875850,1919066,955.031,204.847,306.437,148.070583,150.6287101,149.1147044,1022.93,993.33,30.182,39.1875,36.6875,37.9375,36.1,72.49,26060126,15644455,22204535,52337066,48968208,29.4,4898401,1232.9,37848990,90186056,139154264
2024-11-05,1690937.72,1931281.18,1919066,1942610,1905730,1931281.125,929.097,213.11,309.323,148.070583,150.6287101,149.1147044,1023.7,994.75,30.432,39.4375,36.3125,37.6875,36.33,70.5,26160894,15689751,21870949,53037834,48897842,29.4,4903840,1237.01,37560700,90598534,139496376
2024-11-06,1730628.05,1976612.94,1931281.125,2016580,1931280,1976613,866.469,206.577,301.384,148.070583,150.6287101,149.1147044,,,,,,,,,,,,,,29.4,4909284,1238.38,0,0,0
2024-11-07,1764726.22,2015557.7,1976613,2030330,1976610,2030329.375,856.147,200.813,297.23,148.070583,150.6287101,149.1147044,1026.6,995.33,29.668,38.625,35,36.375,35.34,72.32,26103201,15750210,21739926,52629773,48739395,29.4,4914735,1238.38,37490136,90119909,138859304
2024-11-08,1720011.37,1964487.25,2030329.375,2059050,1928410,1964487.25,848.427,198.321,294.026,148.070583,150.6287101,149.1147044,1025.88,997.25,29.838,39,36,37.375,34.88,71.76,25776705,15780778,21476768,52175275,49119100,29.4,4920192,1241.13,37257546,89432821,138551921
2024-11-11,1740463.1,1987845.91,1964487.25,1991100,1918410,1987845.875,,,,148.070583,150.6287101,149.1147044,1026.73,997.75,29.859,38.4375,35.5,36.875,35.38,74.57,25849707,15809492,22578043,50647516,49169206,29.4,4936600,1242.51,38387535,89035051,138204257
2024-11-12,1762275.41,2012758.54,1987845.875,2017030,1958180,2012040.875,816.902,199.292,290.705,148.070583,150.6287101,149.1147044,1028,998.75,29.962,38.875,36.375,37.625,36.17,70.2,25178421,15822726,23274454,49853445,50314189,29.4,4942081,1246.65,39097180,88950625,139264814
2024-11-13,1788360.29,2042551.02,2012040.875,2049780,2012040,2042551,796.415,198.746,290.038,148.070583,150.6287101,149.1147044,1028.99,999.25,30.023,38.75,36.125,37.4375,35.59,70.11,25164527,15852958,23518891,50004155,50421472,29.4,4947569,1248.04,39371849,89376004,139797476
2024-11-14,1827523.18,2087646.57,2042551,2094440,2042920,2087646.625,771.645,203.988,292.315,148.070583,150.6287101,149.1147044,1029.18,999.75,30.193,38.9375,35.6875,37.125,35.93,69.52,25053050,15924912,23751880,49900837,51397584,29.4,4953062,1249.42,39676792,89577629,140975213
2024-11-15,1809375.05,2066915.29,2087646.625,2137920,2059360,2066915.25,767.372,210.052,298.867,148.070583,150.6287101,149.1147044,1030.07,1002.75,29.878,38.625,35.8125,37.0625,36.27,69.23,24895472,15983129,23416161,49766671,52137769,29.4,4958562,1250.81,39399290,89165961,141303730
2024-11-19,1859708.05,2124412.52,2066915.25,2186760,2066920,2124412.5,747.579,207.662,300.414,148.070583,150.6287101,149.1147044,1030.84,1003.25,30.274,37.6875,34.6875,36.1875,33.8,73.03,23943879,16009455,23504706,48985401,51932422,29.4,4976207,1252.2,39514161,88499562,140431984
2024-11-20,1878580.99,2145971.78,2124412.5,2152820,2109100,2145971.75,722.935,201.882,297.73,148.070583,150.6287101,149.1147044,1031.66,1003.75,30.494,39,36.1875,37.5,35.65,68.17,23983132,16012282,24111790,48838932,52164864,29.4,4980628,1256.66,40124072,88963004,141127868
2024-11-21,1873437.55,2140096.23,2145971.75,2186530,2123360,2140096.25,743.206,197.474,296.293,148.070583,150.6287101,149.1147044,1033.33,1004.75,30.845,38.8125,36.875,37.875,36.57,67.92,23824206,16055045,24685588,48764408,52728465,29.4,4985053,1257.77,40740633,89505041,142233506
2024-11-22,1936371.57,2211988.06,2140096.25,2224280,2133550,2211988,745.21,195.291,296.695,148.070583,150.6287101,149.1147044,1034.98,1006.75,30.874,38.4375,35.8125,37.0625,35.18,66.82,24046457,16054656,24971320,48828179,52913716,29.4,4989482,1258.89,41025976,89854155,142767871
2024-11-25,1942116.76,2218551.01,2211988,2268990,2167660,2218551,744.858,203.159,302.718,148.070583,150.6287101,149.1147044,1037.08,1007.25,30.879,38.4375,35.5,36.875,34.73,72.91,23330887,16083506,25328042,48544151,52810775,29.4,5002793,1260.01,41411548,89955699,142766474
2024-11-26,1971631.08,2252266.29,2218551,2268220,2192630,2252266.25,748.208,203.296,301.652,148.070583,150.6287101,149.1147044,1037.67,1007.75,30.928,38.4375,37.3125,37.9375,36.31,69.98,23317994,16117916,25365683,48650576,53504061,29.4,5007238,1263.37,41483599,90134175,143638236
2024-11-27,1930468.72,2205245.03,2252266.25,2268000,2190560,2205245,756.755,205.292,302.088,148.070583,150.6287101,149.1147044,1036.96,1008.75,31.484,38.8125,36.375,37.5625,35.67,69.47,23369574,16146597,25942045,49217802,52371332,29.4,5011687,1264.49,42088642,91306444,143677776
2024-11-28,1952842.41,2230803.31,2205245,2230800,2205240,2230803.25,,,,148.070583,150.6287101,149.1147044,1037.24,1009.25,31.637,38.625,37,37.875,36.11,69.44,23995936,16251174,26460936,49911983,52020296,29.4,5016139,1265.61,42712110,92624093,144644389
2024-11-29,1976908.5,2258294.88,2230803.25,2264230,2209300,2258295,754.75,217.552,303.392,148.070583,150.6287101,149.1147044,1040.27,1011.75,30.214,38.625,36.5,37.5,36.59,68.7,23823912,16320194,25276357,52250153,52240721,29.4,5020596,1266.74,41596551,93846704,146087425
2024-12-02,2012654.85,2299129.25,2258295,2297350,2256070,2295431.5,752.197,223.608,303.758,148.5632677,152.3594485,149.9619365,1041.73,1011.92,31.314,38.4375,34.9375,36.375,32.65,73.9,25014750,16443913,24305732,51937521,52385066,25.9,5033990,1267.86,40749645,92687166,145072232
2024-12-03,2016909.94,2303989.99,2295431.5,2326960,2270150,2303990,750.377,222.82,300.407,148.5632677,152.3594485,149.9619365,1042.35,1013.17,31.24,38.8125,36.9375,37.875,35.98,69.13,26447592,16527046,23925789,51876552,52910769,25.9,5038462,1271.25,40452835,92329387,145240156
2024-12-04,1940126.78,2216277.78,2303990,2306930,2201820,2216277.75,757.254,223.56,303.931,148.5632677,152.3594485,149.9619365,1042.18,1013.25,31.266,38.5,34.6875,36.0625,35.32,68.26,26380776,16624775,24102490,51946978,52563264,25.9,5042938,1272.38,40727265,92674243,145237507
2024-12-05,1936016.9,2211582.91,2216277.75,2250500,2197150,2211583,0,220.657,301.766,148.5632677,152.3594485,149.9619365,1043.32,1013.83,31.534,38.5625,35.375,36.75,35.16,69.17,26449915,16782827,23739128,52377438,52302753,25.9,5047419,1273.51,40521955,92899393,145202146
2024-12-06,1928016.94,2202444.27,2211583,2247080,2159530,2202444.25,767.82,219.927,299.53,148.5632677,152.3594485,149.9619365,1044.61,1015.75,31.531,35,32.5625,33.625,32.92,69.92,26939894,16882332,22805919,51968081,52789035,25.9,5051903,1274.64,39688251,91656332,144445367
2024-12-09,1951140.05,2228858.64,2202444.25,2264670,2197910,2228858.75,731.196,221.611,294.904,148.5632677,152.3594485,149.9619365,1045.92,1016.75,31.512,34.375,31.875,32.9375,30.94,72.96,27216853,17019984,23543774,50719760,51810593,25.9,5065381,1275.77,40563758,91283518,143094111
2024-12-10,1926967.84,2201245.84,2228858.75,2247920,2184800,2201245.75,736.199,217.551,294.68,148.5632677,152.3594485,149.9619365,1047.55,1017.25,31.619,34.875,32.6875,33.6875,31.73,71.26,26867862,17144370,24598257,49796388,52059828,25.9,5069881,1279.17,41742627,91539015,143598843
2024-12-11,2005669.17,2291149.25,2201245.75,2294150,2166250,2291149.25,724.232,215.982,291.214,148.5632677,152.3594485,149.9619365,1047.12,1017.75,31.988,34.4375,31.3125,32.3125,30.64,68.61,27161741,17255478,24833880,49896396,52285905,25.9,5074385,1280.31,42089358,91985754,144271659
2024-12-12,2016997.11,2304089.57,2291149.25,2331770,2291150,2304089.5,711.641,212.555,289.324,148.5632677,152.3594485,149.9619365,1048.68,1018.75,31.849,35.25,32.0625,33.3125,31.96,66.95,27226652,17418233,25111027,50158450,52696047,25.9,5078894,1281.45,42529260,92687710,145383757
2024-12-13,2075274.37,2370661.82,2304089.5,2374600,2304090,2370661.75,704.628,214.871,289.912,148.5632677,152.3594485,149.9619365,1048.71,1020.75,31.937,34.5625,32.0625,33.125,31.32,68.08,28040059,17621495,25137754,51085499,52655124,25.9,5083406,1282.59,42759249,93844748,146499872
2024-12-16,2226315.75,2543201.91,2370661.75,2548720,2370660,2543202,670.062,230.959,293.45,148.5632677,152.3594485,149.9619365,1049.93,1021.25,31.744,34.375,31.9375,33.0625,31.44,70.24,28000252,17879375,25342913,50750722,52003911,25.9,5096340,1283.73,43222288,93973010,145976921
2024-12-17,2269209.06,2592200.5,2543202,2605900,2543200,2592200.5,673.364,237.717,296.609,148.5632677,152.3594485,149.9619365,1049.58,1021.83,32.257,34.3125,32.5,33.3125,31.86,67.51,27719282,18060808,25190007,50984464,52505151,25.9,5100241,1286.99,43250815,94235279,146740430
2024-12-18,2206894.78,2521016.62,2592200.5,2680480,2517160,2521016.5,653.302,250.822,288.568,148.5632677,152.3594485,149.9619365,1050.56,1022.75,32.255,34.5,32.375,33.4375,31.57,68.87,27711731,18356032,24529222,52634219,52533584,25.9,5104144,1287.98,42885254,95519473,148053057
2024-12-19,2118372.3,2419894.15,2521016.5,2548100,2416290,2419894.25,659.064,251.892,298.884,148.5632677,152.3594485,149.9619365,1051.66,1023.25,32.243,34.125,31.6875,32.75,30.85,68.99,27743826,18640869,24419443,53891324,52429371,25.9,5108051,1288.96,43060312,96951636,149381007
2024-12-20,2160100.65,2467561.97,2419894.25,2472780,2347470,2467562,668.382,239.213,301.045,148.5632677,152.3594485,149.9619365,1054.27,1025.42,32.864,34.875,32.875,33.75,31.35,69.82,28395764,18977794,23429647,54783536,52365161,25.9,5111960,1289.95,42407441,97190977,149556138
2024-12-23,2189506.2,2501153.01,2467562,2521790,2436290,2501153,650.316,238.863,298.312,148.5632677,152.3594485,149.9619365,1055.07,1027.75,32.688,34.3125,32,33.0625,31.56,73.44,28371966,19345852,25085496,53867813,51912898,25.9,5123706,1290.94,44431348,98299161,150212059
2024-12-24,2233160.08,2551020.43,2501153,2554800,2501150,2551020.5,647.175,242.556,299.892,148.5632677,152.3594485,149.9619365,,,,,,,,,,,,,,25.9,5127628,1293.9,0,0,0
2024-12-26,2273750.62,2597388.5,2551020.5,2618540,2549440,2597388.5,629.611,247.067,300.334,148.5632677,152.3594485,149.9619365,1055.82,1029,32.413,34.3125,31.9375,33,31.22,72.34,27902229,19690881,26597433,53186495,52126096,25.9,5135479,1294.89,46288314,99474809,151600905
2024-12-27,2256380.24,2577545.67,2597388.5,2824820,2543700,2577545.5,625.654,241.702,296.639,148.5632677,152.3594485,149.9619365,1057.97,1030.5,31.524,34.4375,32.875,33.625,32.13,70.72,28148247,19863951,27106103,53722889,52198917,25.9,5139410,1296.88,46970054,100692943,152891860
2024-12-30,2217814.83,2533634.65,2577545.5,2588510,2517970,2533634.75,637.323,248.637,305.504,148.5632677,152.3594485,149.9619365,1060.28,1032.5,29.64,34.25,31.9375,32.875,31.78,73.3,29728575,19988275,29045599,54695675,48662128,25.9,5151219,1297.87,49033874,103729549,152391677
2025-01-02,2359631.7,2695646.43,2533634.75,2700930,2533630,2695646.5,606.032,248.006,298.031,146.2686737,152.2755232,150.7305568,1061.83,1032.75,31.706,34.3125,31.625,32.75,31.42,73.08,30977989,20054032,27916876,54938047,49287221,21.9,5163055,1301.85,47970908,102908955,152196176
2025-01-03,2388749.92,2728911.12,2695646.5,2758800,2643760,2728911,583.588,231.446,292.186,146.2686737,152.2755232,150.7305568,1062.8,1034.75,32.774,34.5,32.0625,33.0625,31.8,71.67,31660480,20064707,22862904,55472885,53699883,21.9,5167007,1303.84,42927611,98400496,152100379
2025-01-06,2452046.1,2801220.76,2728911,2828290,2728910,2801220.75,568.378,231.532,292.176,146.2686737,152.2755232,150.7305568,1064.95,1035.75,32.805,34.75,32.75,33.75,31.59,73.38,31269417,20066119,22832795,54463809,53200265,21.9,5178880,1304.84,42898914,97362723,150562988
2025-01-07,2470387.98,2822174.55,2801220.75,2867770,2765220,2822174.5,560.562,229.08,285.868,146.2686737,152.2755232,150.7305568,1068.57,1036.25,32.903,34.8125,32.375,33.4375,31.01,72.01,31025360,20040263,22811212,54483605,53630093,21.9,5182843,1307.84,42851475,97335080,150965173
2025-01-08,2435638.81,2782477.05,2822174.5,2831310,2710330,2782477,569.027,237.213,295.423,146.2686737,152.2755232,150.7305568,1065.62,1036.75,31.176,33.9375,31,32.0625,30.32,70.2,31138876,20008933,22349015,54288910,53610605,21.9,5186810,1308.84,42357948,96646858,150257463
2025-01-09,2477002.02,2829730.44,2782477,2843740,2782480,2829730.5,558.677,230.085,291.236,146.2686737,152.2755232,150.7305568,1065.68,1037.75,30.904,34.1875,31.3125,32.5,31.07,71.18,30687325,19987975,22285658,54486697,53852259,21.9,5190780,1309.84,42273633,96760330,150612589
2025-01-10,2455476.49,2805139.64,2829730.5,2839300,2737260,2805139.75,578.547,228.097,292.35,146.2686737,152.2755232,150.7305568,1066.34,1039.75,31.038,34.1875,31.1875,32.3125,31.55,72.56,30414752,19962165,23365183,53781277,54118823,21.9,5194752,1310.84,43327348,97108625,151227448
2025-01-13,2324208.21,2655178.58,2805139.75,2818820,2652410,2655178.5,582.954,234.426,296.109,146.2686737,152.2755232,150.7305568,1067.44,1040.25,30.835,34.25,31.625,32.6875,31.07,73.86,29988673,19943885,24557614,52966675,53900096,21.9,5206689,1311.85,44501499,97468174,151368270
2025-01-14,2392568.37,2733273.32,2655178.5,2762830,2655180,2733273.25,579.514,230.315,295.85,146.2686737,152.2755232,150.7305568,1068.04,1041.25,30.704,34.5625,32.625,33.5,32.28,70.71,29244363,19921688,25162780,52888766,55143348,21.9,5210674,1314.86,45084468,97973234,153116582
2025-01-15,2367358.75,2704473.82,2733273.25,2791870,2680350,2704473.75,602.882,228.063,295.79,146.2686737,152.2755232,150.7305568,1068.86,1041.75,30.624,32.875,31.6875,32.3125,30.72,70.23,30122644,19917223,24603951,53071536,55665059,21.9,5214661,1315.87,44521174,97592710,153257769
2025-01-16,2301622.83,2629377.02,2704473.75,2720520,2624420,2629377,618.983,223.047,296.403,146.2686737,152.2755232,150.7305568,1069.69,1042.25,30.707,33.1875,30.6875,31.625,30.13,70.11,30188706,19899396,24090537,52826009,56370519,21.9,5219145,1316.87,43989933,96815942,153186461
2025-01-17,2197901.78,2510885.95,2629377,2660210,2503740,2510886,640.91,221.556,295.256,146.2686737,152.2755232,150.7305568,1069.88,1044.5,30.518,32.5625,31.25,31.9375,31.27,70.43,30146444,19903717,23267186,52801015,56400344,21.9,5223632,1318.01,43170903,95971918,152372262
2025-01-20,2220618.4,2536837.44,2510886,2567110,2510890,2536837.5,,,,146.2686737,152.2755232,150.7305568,1071,1045.25,30.593,32.8125,30.875,31.75,29.82,75.1,29983683,19906704,24220103,52061249,55908359,21.9,5237118,1319.14,44126807,96188056,152096415
2025-01-21,2293168.92,2619719.26,2536837.5,2627520,2520830,2619719.25,636.16,223.062,293.743,146.2686737,152.2755232,150.7305568,1071.71,1045.92,30.282,33.1875,31.625,32.375,30.39,70.75,29894816,19888809,24570001,51509121,56685637,21.9,5241620,1322.54,44458810,95967931,152653568
2025-01-22,2346763.38,2680945.64,2619719.25,2685340,2617580,2680945.75,641.696,217.307,290.355,146.2686737,152.2755232,150.7305568,1072.14,1047.25,30.14,33.1875,31.3125,32.125,30.34,70.64,30090521,19865761,24323780,51480611,57058625,21.9,5246127,1323.68,44189541,95670152,152728777
2025-01-23,2297835.11,2625049.91,2680945.75,2683820,2622050,2625050,643.806,214.185,290.334,146.2686737,152.2755232,150.7305568,1074.87,1047.67,29.838,33.3125,31.3125,32.25,29.98,71.01,30058865,19858523,24698467,51371791,57146554,21.9,5250638,1324.82,44556990,95928781,153075335
2025-01-24,2246217.79,2566082.22,2625050,2631630,2464330,2566082.25,632.58,218.632,289.925,146.2686737,152.2755232,150.7305568,1075.78,1049.58,29.97,33.9375,32.625,33.3125,30.97,71.24,30008838,19894941,24509854,51564135,57923582,21.9,5255152,1325.96,44404795,95968930,153892512
2025-01-27,2135062.84,2439098.66,2566082.25,2566080,2422950,2439098.75,644.489,223.895,295.998,146.2686737,152.2755232,150.7305568,1076.41,1050.5,29.834,32.75,30.4375,31.3125,29.46,71.98,30451680,19947236,25666779,51915618,56787311,21.9,5268719,1327.1,45614015,97529633,154316944
2025-01-28,2132025.44,2435628.73,2439098.75,2487850,2374520,2435628.75,625.177,224.455,294.755,146.2686737,152.2755232,150.7305568,1077.91,1050.92,29.802,33.875,32.25,33,31.42,68.08,29616605,19966008,25622006,52043362,57357861,21.9,5273249,1330.52,45588014,97631376,154989237
2025-01-29,2228074.7,2545355.53,2435628.75,2549700,2430900,2545355.5,615.295,228.579,292.769,146.2686737,152.2755232,150.7305568,1078.21,1051.58,29.648,33.8125,31.5625,32.4375,30.28,67.77,29196847,19983941,26338717,52384013,56597143,21.9,5277782,1331.67,46322658,98706671,155303814
2025-01-30,2275319.95,2599328.57,2545355.5,2619900,2545360,2599328.5,617.182,224.221,291.478,146.2686737,152.2755232,150.7305568,1078.38,1052.5,29.429,33.5,31.4375,32.375,31.2,66.03,28999198,20046151,26258406,53002140,56605875,21.9,5282320,1332.81,46304557,99306697,155912572
2025-01-31,2244971.93,2564658.95,2599328.5,2622880,2554540,2564659,624.592,224.492,288.517,146.2686737,152.2755232,150.7305568,1079.63,1053.5,28.31,30.625,29.3125,29.875,28.72,69.23,30246597,20118507,24925445,55168040,56575423,21.9,5286862,1333.96,45043952,100211992,156787415
2025-02-03,2174485.98,2484135.71,2564659,2564660,2448950,2484135.75,636.005,220.482,289.859,141.1600934,153.3789836,151.4130092,1080.65,1053.92,29.453,30.4375,28.5,29.3125,26.99,71.26,31194889,20147992,24133462,55030135,56318030,22.2,5300510,1335.11,44281454,99311589,155629619
2025-02-04,2209072.19,2523647.04,2484135.75,2548720,2484140,2523647,639.842,217.381,290.479,141.1600934,153.3789836,151.4130092,1082.36,1054.25,29.427,30.6875,29.5,30.0625,28.45,68.3,31793497,20167041,23351674,54839861,57537462,22.2,5305068,1338.55,43518715,98358576,155896038
2025-02-05,2168864.64,2477713.88,2523647,2534770,2475950,2477714,659.398,217.02,289.523,141.1600934,153.3789836,151.4130092,1084.27,1054.71,29.354,30.8125,29.6875,30.1875,28.51,68.75,30901745,20167452,22983789,54700224,57912763,22.2,5309629,1339.7,43151241,97851465,155764228
2025-02-06,2191421.98,2503483.42,2477714,2527850,2476910,2503483.5,651.453,220.954,288.318,141.1600934,153.3789836,151.4130092,1084.69,1054.88,28.743,30.625,29.4375,30,28.48,68.93,31034691,20197866,22808599,54598931,58397945,22.2,5314194,1340.86,43006465,97605396,156003341
2025-02-07,2115177.62,2416381.75,2503483.5,2541170,2396450,2416381.75,659.979,219.019,287.078,141.1600934,153.3789836,151.4130092,1085.27,1055.92,28.889,30.5,28.75,29.5625,27,70.02,31310198,20188444,21989004,53271139,59258417,22.2,5318763,1342.01,42177448,95448587,154707004
2025-02-10,2093281.49,2391367.59,2416381.75,2462060,2386600,2391367.5,680.191,220.478,287.093,141.1600934,153.3789836,151.4130092,1086.08,1056.38,28.938,30.4375,28.5,29.4375,27.2,71.41,30993421,20198847,22437075,50783017,58713817,22.2,5332494,1343.16,42635922,93418939,152132756
2025-02-11,1990165.71,2273567.99,2391367.5,2254930,2405360,2273568,706.863,222.85,289.561,141.1600934,153.3789836,151.4130092,1086.08,1056.63,28.898,30.375,29.1875,29.75,28.13,68.69,30640926,20177248,24327375,50655217,58965978,22.2,5337079,1346.63,44504623,95159840,154125818
2025-02-12,2000913.67,2285846.47,2273568,2332300,2199940,2285846.5,673.818,219.31,286.41,141.1600934,153.3789836,151.4130092,1086.4,1056.88,28.925,30.1875,28.625,29.3125,27.2,70.16,30436865,20159450,25150542,50411321,58967311,22.2,5341667,1347.79,45309992,95721313,154688624
2025-02-13,2060347.44,2353743.68,2285846.5,2366140,2285850,2353743.75,673.139,213.915,287.573,141.1600934,153.3789836,151.4130092,1086.55,1057.46,28.894,30.25,28.125,29,27.16,67.62,30533195,20153361,23005201,50434529,59913169,22.2,5346260,1348.95,43158562,93593091,153506260
2025-02-14,2089795.97,2387385.73,2353743.75,2390250,2334350,2387385.75,673.85,213.13,285.52,141.1600934,153.3789836,151.4130092,1087.85,1058.5,28.801,30.1875,29.0625,29.625,27.56,68.43,30388719,20153623,22208601,50832187,60929173,22.2,5350857,1350.11,42362224,93194411,154123584
2025-02-17,1973202.01,2254188.63,2387385,2387380,2236980,2254188,,,,141.1600934,153.3789836,151.4130092,1088.19,1059.08,28.747,30.3125,28.4375,29.25,27.86,71.13,29278470,20178079,22198427,50162533,60804909,22.2,5363788,1351.27,42376506,92539039,153343948
2025-02-18,2093594.15,2391724.77,2254188,2407000,2254190,2391724,695.483,210.583,282.66,141.1600934,153.3789836,151.4130092,1088.4,1059.17,28.405,30.125,28,28.8125,28.13,68.28,29264005,20164481,22812952,50025997,61355264,22.2,5367959,1354.53,42977433,93003430,154358694
2025-02-19,2102220.65,2401579.7,2391724,2429850,2364100,2401579,718.807,212.145,287.232,141.1600934,153.3789836,151.4130092,1087.19,1059.38,28.362,29.9375,27.875,28.6875,27.03,67.78,28991665,20154437,23378215,50357135,61365407,22.2,5372132,1355.59,43532652,93889787,155255194
2025-02-20,2109784.77,2410220.95,2401579,2414500,2357640,2410220,712.494,217.563,288.564,141.1600934,153.3789836,151.4130092,1088.45,1059.88,28.578,28.25,27.5,27.9375,27.46,67.99,29063451,20161317,23888095,50035638,61802619,22.2,5376309,1356.64,44049412,94085050,155887669
2025-02-21,2069788.78,2364529.49,2410220,2457130,2361560,2364529,718.628,219.433,291.769,141.1600934,153.3789836,151.4130092,1089.07,1060.88,28.495,29.4375,28.125,28.75,27.32,68.3,29449494,20183960,23441219,49962275,62500425,22.2,5380489,1357.69,43625179,93587454,156087879
2025-02-24,2055668.51,2348398.47,2364529.5,2408910,2317820,2348398.5,731.456,222.502,293.577,141.1600934,153.3789836,151.4130092,1089.28,1061.13,28.603,29.0625,27.9375,28.5625,27.23,69.67,29282430,20229185,23759869,49927684,62062333,22.2,5393049,1358.75,43989054,93916738,155979071
2025-02-25,1998333.47,2282898.85,2348398,2363830,2252320,2282898,746.846,226.109,297.746,141.1600934,153.3789836,151.4130092,1089.89,1061.63,28.685,29.0625,28.5625,28.8125,27.95,67.65,29229656,20313452,24128281,49862307,62554465,22.2,5397242,1361.92,44441733,94304040,156858505
2025-02-26,1991451.43,2275036.79,2282895,2320070,2266840,2275036,749.738,225.451,298.811,141.1600934,153.3789836,151.4130092,1090.03,1061.88,28.714,29.375,27.5625,28.3125,26.84,68.88,29103728,20384744,24204408,50688688,61937022,22.2,5401438,1362.98,44589152,95277840,157214862
2025-02-27,1920215.4,2193656.65,2275036,2312080,2180990,2193656,775.5,228.315,297.303,141.1600934,153.3789836,151.4130092,1091.89,1062.38,28.586,29.5625,28,28.625,27.3,69.78,30179493,20584368,24852904,51112667,60776858,22.2,5405638,1364.04,45437272,96549939,157326797
2025-02-28,1930845.5,2205800.5,2193656,2247600,2149790,2205800,784.116,234.73,299.561,141.1600934,153.3789836,151.4130092,1093.18,1064.38,28.117,29.625,28.1875,28.75,27.74,66.89,30282166,20701648,22620323,53956984,60830785,22.2,5409841,1365.1,43321971,97278955,158109740
2025-03-05,2004593.12,2290049.88,2205800,2295600,2184500,2290050,716.888,226.201,293.919,150.3808924,150.5756638,152.0076912,1093.8,1064.38,27.991,29.5625,27.75,28.5,26.65,70.38,30759385,20780070,23286221,52539353,59498832,24.5,5430904,1366.16,44066291,96605644,156104476
2025-03-06,1987201.04,2270181.14,2290050,2327820,2253710,2270181.25,715.292,229.463,301.316,150.3808924,150.5756638,152.0076912,1091.44,1064.63,28.181,29.8125,28.875,29.3125,28.11,69.27,31125291,20820571,23675753,52467848,59464769,24.5,5435127,1371.48,44496324,96964172,156428941
2025-03-07,1980292.92,2262289.29,2270181.25,2305680,2192900,2262289.25,693.552,224.557,297.291,150.3808924,150.5756638,152.0076912,1095.52,1066.04,28.09,29.875,28.8125,29.3125,28.4,68.56,30856427,20790765,22835162,52571978,60055603,24.5,5439353,1372.55,43625927,96197905,156253508
2025-03-10,1872237.11,2138846.19,2262289.25,2262290,2105940,2138846.25,722.316,227.996,303.659,150.3808924,150.5756638,152.0076912,1096.33,1066.33,27.732,29.875,28.4375,29.125,26.61,72.05,30146018,20769572,23027500,50536846,59020111,24.5,5452050,1373.61,43797072,94333918,153354029
2025-03-11,1890316.21,2159499.78,2138846.25,2188770,2120810,2159499.75,719.56,227.971,301.437,150.3808924,150.5756638,152.0076912,1096.43,1066.67,27.687,29.9375,29,29.375,27.79,69.33,30475141,20737979,23980165,50164052,59270940,24.5,5456289,1376.82,44718144,94882196,154153136
2025-03-12,1989613.22,2272936.82,2159499.75,2287570,2159500,2272936.75,717.982,226.234,299.367,150.3808924,150.5756638,152.0076912,1098.18,1066.88,27.96,30.125,28.9375,29.5,27.48,68.88,30493322,20712569,25059760,50127591,59109877,24.5,5460531,1377.89,45772329,95899920,155009797
2025-03-13,1953936.74,2232179.96,2272936.75,2285400,2226950,2232180,746.716,232.856,306.778,150.3808924,150.5756638,152.0076912,1097.8,1067.13,28.104,30.1875,28.875,29.5,28.23,68.85,30051710,20691372,25691434,50292870,59367336,24.5,5464776,1378.96,46382806,96675676,156043012
2025-03-14,2044443.34,2335574.83,2232180,2339960,2232180,2335574.75,738.029,228.23,301.385,150.3808924,150.5756638,152.0076912,1098.57,1068.54,28.091,30.625,29.25,29.8125,27.78,66.43,30562264,20661470,24841817,50449790,60081314,24.5,5469025,1380.03,45503287,95953077,156034391
2025-03-17,2053836.49,2346305.57,2335574.75,2374730,2330970,2346305.5,748.869,227.726,300.962,150.3808924,150.5756638,152.0076912,1098.97,1068.92,27.338,30.8125,29.25,29.9375,28.07,67.33,30215667,20668873,24557953,49796720,59762258,24.5,5481658,1381.11,45226826,95023546,154785804
2025-03-18,2003269.69,2288537.99,2346305.5,2346310,2270950,2288538,790.432,228.211,302.733,150.3808924,150.5756638,152.0076912,1099.34,1069.13,27.208,31.0625,30.25,30.625,29.59,66.96,29885056,20656562,24770075,49634463,60436300,24.5,5485854,1384.3,45426637,95061100,155497400
2025-03-19,2093861.33,2392030,2288358,2397160,2288540,2392030,764.201,224.588,303.617,150.3808924,150.5756638,152.0076912,1099.52,1069.63,27.046,31.375,30.3125,30.8125,29.67,66.41,29992603,20686784,25419343,49847099,60673900,24.5,5490052,1385.36,46106127,95953226,156627126
2025-03-20,2067209.48,2361582.89,2392030,2392030,2351120,2361583,763.205,221.751,300.407,150.3808924,150.5756638,152.0076912,1099.04,1069.83,26.785,31.625,30.5625,31.0625,29.53,67.29,29715005,20764978,25087769,50049383,61180726,24.5,5494254,1386.42,45852747,95902130,157082856
2025-03-21,2130195.46,2433538.15,2361583,2435860,2353470,2433538.25,766.977,223.888,296.58,150.3808924,150.5756638,152.0076912,1099.78,1071.33,26.628,31.5,30.1875,30.8125,28.57,66.93,30157532,20814936,24705626,50244726,61847687,24.5,5498459,1387.48,45520562,95765288,157612975
2025-03-25,2177588.35,2487679.86,2433538.25,2506950,2433540,2487679.75,757.491,222.746,299.308,150.3808924,150.5756638,152.0076912,1101.19,1071.58,26.442,31.3125,29.625,30.3125,28.83,69.14,30148778,20879454,25116856,49570738,61457421,24.5,5515311,1388.54,45996310,95567048,157024469
2025-03-26,2135822.26,2439966.22,2487679.75,2512180,2429870,2439966.25,768.686,220.223,300.01,150.3808924,150.5756638,152.0076912,1101.97,1072.08,26.251,31.875,30.4375,31.0625,29.3,67.67,29851367,20900388,25759279,50058470,61359228,24.5,5519532,1392.8,46659667,96718137,158077365
2025-03-27,2111413.39,2412081.5,2439966.25,2500780,2403210,2412081.5,763.001,222.869,303.889,150.3808924,150.5756638,152.0076912,1102.76,1072.29,26.223,31.6875,30.5,31,30.72,67.21,30090914,21004760,25279014,50706892,61695734,24.5,5523757,1393.86,46283774,96990666,158686400
2025-03-28,2082072.86,2378562.84,2412081.5,2412080,2351720,2378562.75,800.955,228.194,312.82,150.3808924,150.5756638,152.0076912,1103.52,1073.38,25.777,31.875,29.875,30.625,28.82,66.81,29892870,21066879,25609007,51378767,61176766,24.5,5527984,1394.93,46675886,98054653,159231419
2025-03-31,2047232.13,2338760.74,2378562.75,2378560,2309660,2338760.75,819.402,231.167,318.194,150.3808924,150.5756638,152.0076912,1103.73,1073.88,24.986,32.0625,30.1875,30.875,29.46,68.54,30534180,21185767,25548021,53687051,60448422,24.5,5540686,1396,46733788,100420839,160869261
2025-04-01,2062787.11,2356530.77,2338760.75,2389700,2332450,2356530.75,822.254,231.819,316.293,159.1156368,152.7355483,152.5241145,1104.01,1074.54,25.45,32.625,31.0625,31.6875,31.07,67.87,33924898,21295288,24163242,54404452,60747233,26.3,5544927,1399.2,45458530,99862982,160610215
2025-04-03,1991995.89,2275658.78,2356530.75,2356530,2267110,2275658.75,857.792,240.909,331.678,159.1156368,152.7355483,152.5241145,1104.6,1074.83,25.305,32.9375,31.0625,31.8125,30.84,67.15,34468529,21377209,23312918,53550996,60972512,26.3,5553418,1400.28,44690127,98241123,159213635
2025-04-04,1845074.78,2107815.91,2275658.75,2275660,2032460,2107816,917.696,253.062,346.272,159.1156368,152.7355483,152.5241145,1103.13,1075.88,25.148,32.4375,30.0625,30.875,29.66,67.46,33767969,21427748,22797438,53664496,61032427,26.3,5557668,1402.42,44225186,97889682,158922109
2025-04-07,1773428.65,2025967.27,2107816,2132320,2016500,2025967.25,974.563,244.126,353.128,159.1156368,152.7355483,152.5241145,1105.83,1076.33,24.838,33.25,31.375,32.1875,30.6,71.47,34275343,21468435,23596330,53128127,60027695,26.3,5570438,1403.49,45064765,98192892,158220587
2025-04-08,1742488.57,1990621.29,2025967.25,2129440,1978890,1990621.25,992.595,243.371,348.478,159.1156368,152.7355483,152.5241145,1106.36,1076.58,24.677,32.8125,31.8125,32.3125,31.03,69.65,34496121,21540903,23100979,52953065,60276056,26.3,5574702,1406.72,44641882,97594947,157871003
2025-04-09,1900736.26,2171403.66,1990621.25,2195640,1889590,2183577,873.112,233.392,353.552,159.1156368,152.7355483,152.5241145,1105.57,1077.13,24.78,32.875,30.625,31.375,29.84,69.42,34124828,21588419,23371555,52625073,59876962,26.3,5578968,1407.79,44959974,97585047,157462009
2025-04-10,1848291.03,2111490.16,2183577,2171400,2027430,2111490.25,906.134,227.323,341.486,159.1156368,152.7355483,152.5241145,1106.43,1077.38,24.773,33.875,32.0625,32.75,30.6,72.1,34413497,21588147,24837780,52442956,59769029,26.3,5583238,1408.87,46425927,98868883,158637912
2025-04-11,1968487.7,2248802.99,2111490.25,2279360,2111490,2248803,875.123,227.238,349.355,159.1156368,152.7355483,152.5241145,1107.96,1078.38,24.704,34.1875,32.125,32.9375,30.75,69.39,36723827,21610287,25634480,51612802,59581690,26.3,5587511,1409.95,47244767,98857569,158439259
2025-04-14,2060938.84,2364950.09,2248803,2445000,2248800,2354419.25,726.425,231.533,338.784,159.1156368,152.7355483,152.5241145,1233.36,1182.42,24.221,39.1875,36.25,37.5,34.02,75.75,34015295,21721282,26933353,55514340,58372212,26.3,5600350,1411.03,48654635,104168975,162541187
2025-04-15,1990638.37,2284279.53,2354419.25,2368530,2275240,2284279.5,731.665,233.855,337.056,159.1156368,152.7355483,152.5241145,1233.99,1200.83,36.777,36.5,35.625,36.0625,35.13,67.29,33925628,21817435,27118663,57054392,58571344,26.3,5604636,1414.27,48936098,105990490,164561834
2025-04-16,1897999.08,2177974.91,2284279.5,2304230,2168120,2177975,744.498,239.936,341.427,159.1156368,152.7355483,152.5241145,1179.47,1172.83,38.616,39.125,37.25,38.0625,36.87,69.59,33430894,21825458,25638848,56479950,60702532,26.3,5611428,1415.35,47464306,103944256,164646788
2025-04-21,1782734.36,2045707.37,2177975,2177980,2025140,2045707.375,743.559,241.03,332.445,159.1156368,152.7355483,152.5241145,1114.83,1070.42,38.791,36.5,35,35.6875,34.03,74.78,31540018,21807819,26472597,53027667,58868921,26.3,5645510,1417.07,48280416,101308083,160177004
2025-04-22,1885725.64,2163891.01,2168086.25,2168090,2045710,2163891,704.536,234.589,330.167,159.1156368,152.7355483,152.5241145,1125.54,1093.33,38.814,35.6875,34.5,35,33.87,70.89,30535306,21744394,27820536,53703649,59642287,26.3,5652351,1425.68,49564930,103268579,162910866
2025-04-23,1951529.71,2239401.91,2163891,2283590,2163890,2239402,693.121,229.203,320.763,159.1156368,152.7355483,152.5241145,1174.51,1122.5,38.631,35.625,34.625,35.0625,32.84,70,30799765,21656042,28294337,53643288,60123628,26.3,5659201,1427.4,49950379,103593667,163717295
2025-04-24,1945728.66,2232745.13,2239402,2331500,2229410,2232745.25,685.204,227.664,324.957,159.1156368,152.7355483,152.5241145,1196.88,1176.42,39.079,35.0625,33.5625,34.1875,33.12,71.51,30917195,21601077,28378241,55470981,60484057,26.3,5666058,1429.13,49979318,105450299,165934356
2025-04-25,1939190.74,2225242.8,2232745.25,2257680,2218010,2225242.75,686.345,221.549,323.712,159.1156368,152.7355483,152.5241145,1193.62,1174.17,39.168,34.875,33.625,34.1875,33.54,72.1,31494771,21558649,28096709,55480375,60877955,26.3,5672924,1430.87,49655358,105135733,166013688
2025-04-28,1899109.06,2179248.63,2225242.75,2242750,2151090,2179248.75,699.457,223.861,327.187,159.1156368,152.7355483,152.5241145,1192.84,1163.17,39.291,34.8125,33.0625,33.75,32.66,73.81,31123513,21586659,29158090,56511146,60531385,26.3,5693573,1432.6,50744749,107255895,167787280
2025-04-29,1879956.13,2158847.83,2179248.75,2199190,2154900,2158847.75,707.49,223.213,329.818,159.1156368,152.7355483,152.5241145,1194.45,1170.67,39.091,34.0625,33.25,33.6875,33.03,71.8,31591655,21652586,28692443,58117145,60774854,26.3,5700472,1437.81,50345029,108462174,169237028
2025-04-30,1829445.26,2100843.66,2158847.75,2158850,2097530,2100843.75,722.254,229.994,335.157,159.1156368,152.7355483,152.5241145,1193.88,1172,38.928,34.625,33,33.625,32.44,72.2,32698982,21692977,26752239,60993405,60676157,26.3,5707380,1439.56,48445216,109438621,170114778
2025-05-05,1793818.5,2059931.67,2100843.75,2100840,2032460,2059931.625,707.777,229.244,324.664,165.0686102,152.4402069,152.9766379,1216.47,1178.5,38.976,33.4375,32.1875,32.6875,32.11,74.7,36854734,21745989,26651094,60030865,59191439,20.9,5742045,1441.3,48397083,108427948,167619387
2025-05-06,1854830.15,2129994.4,2059931.625,2135000,2059930,2129994.5,697.138,227.046,326.734,165.0686102,152.4402069,152.9766379,1220.45,1203.83,38.542,35.3125,33.625,34.3125,33.55,71.39,36649451,21741458,26843292,60350832,59560647,20.9,5749003,1450.05,48584750,108935582,168496229
2025-05-07,1793803.86,2059914.86,2129994.5,2132280,2055400,2059914.875,688.41,230.592,321.664,165.0686102,152.4402069,152.9766379,1152.76,1153.5,38.258,34.8125,33.125,33.75,33,73.18,36874854,21703090,26547229,59517131,59081318,20.9,5755970,1451.81,48250319,107767450,166848768
2025-05-08,1795377.73,2061722.21,2059914.875,2085690,2028070,2061722.25,678.102,222.984,313.397,165.0686102,152.4402069,152.9766379,1138.07,1117.5,38.035,34.5,33.3125,33.875,32.63,73.14,36551345,21692369,26311208,58242626,59209974,20.9,5762945,1453.57,48003577,106246203,165456177
2025-05-09,1838940.28,2114385.52,2061722.25,2140600,2063750,2114385.5,681.272,220.707,314.19,165.0686102,152.4402069,152.9766379,1166.96,1113.58,38.123,34.25,32.4375,33.0625,31.8,72.41,37372925,21662771,25959299,57860431,59980424,20.9,5769928,1455.33,47622070,105482501,165462925
2025-05-12,1939660.27,2230394.68,2114385.5,2233650,2114590,2230394.75,650.437,215.025,300.059,165.0686102,152.4402069,152.9766379,1155.43,1126,38.079,33.8125,32.25,32.8125,32.04,75.98,34430644,21663278,27585856,56386449,60114867,20.9,5790930,1457.1,49249134,105635583,165750450
2025-05-13,1987568.02,2285483.3,2230394.75,2292720,2214330,2285483.25,650.637,213.532,298.291,165.0686102,152.4402069,152.9766379,1150.3,1125.67,38.651,34.875,33.5625,34.125,32.56,71.47,34281998,21619257,28022375,55816650,60735490,20.9,5797947,1462.4,49641632,105458282,166193772
2025-05-14,1998698.39,2301643.22,2285483.25,2313280,2246660,2301643.25,648.151,211.8,295.14,165.0686102,152.4402069,152.9766379,1153.47,1129.83,38.565,34.5,32.8125,33.4375,32.06,71.21,34207517,21575637,28296195,55745195,61798142,20.9,5804973,1464.17,49871832,105617027,167415169
2025-05-15,1995945.52,2298473.1,2301643.25,2312950,2236040,2298473,676.202,218.985,303.35,165.0686102,152.4402069,152.9766379,1155.2,1135.5,38.346,34.5625,33.375,33.875,32.97,70.7,33994625,21541694,28307970,54726246,62512332,20.9,5812008,1465.95,49849664,104575910,167088242
2025-05-16,2013214.85,2318359.96,2298473,2321690,2279260,2318360,695.089,216.294,299.292,165.0686102,152.4402069,152.9766379,1167.84,1146.17,38.338,32.0625,31.8125,32,32.2,70.38,33931781,21508912,27648640,55617646,63134903,20.9,5817187,1467.72,49157552,104775198,167910101
2025-05-19,2057628.3,2369505.2,2318360,2409200,2318360,2369505.25,674.517,218.465,301.981,165.0686102,152.4402069,152.9766379,1157.77,1134.25,38.3,34.6875,33.5625,34.125,33.1,73.63,33277257,21517219,28178603,54682827,63717224,20.9,5832754,1469.03,49695822,104378649,168095873
2025-05-20,2065407.91,2378463.98,2369505.25,2399810,2346820,2378464,663.131,214.837,296.811,165.0686102,152.4402069,152.9766379,1162.22,1142,38.267,34.6875,33.75,34.125,33.18,70.66,32822015,21481006,28069755,54917257,65159049,20.9,5837952,1472.96,49550761,104468018,169627067
2025-05-21,2014247,2319548.56,2378464,2400650,2310190,2319548.5,660.727,208.157,292.459,165.0686102,152.4402069,152.9766379,1166.64,1145,38.176,34.125,32.25,32.75,31.45,69.77,32498752,21431603,28470423,54979968,65123712,20.9,5843155,1474.27,49902026,104881994,170005706
2025-05-22,2010207.67,2314896.98,2319548.5,2358260,2308350,2314897,664.873,211.851,300.935,165.0686102,152.4402069,152.9766379,1161.91,1143.58,38.097,34.0625,32.5625,33.125,31.97,70.58,32886199,21410855,28250335,55038169,65584515,20.9,5848363,1475.59,49661190,104699359,170283874
2025-05-23,2037131.91,2345902.16,2314897,2352610,2281490,2345902.25,666.021,214.5,301.938,165.0686102,152.4402069,152.9766379,1157.43,1137,38.428,34.5625,33.5,33.9375,32.19,69.86,33289989,21391564,27994491,54589985,67137776,20.9,5853575,1476.9,49386055,103976040,171113816
2025-05-26,2058752.74,2370800.08,2345902.25,2384070,2345900,2370800,,,,165.0686102,152.4402069,152.9766379,1163.94,1139.83,38.384,33.6875,31.875,32.5625,31.55,74.16,33019446,21429356,28965677,54692476,66536952,20.9,5869239,1478.22,50395033,105087509,171624461
2025-05-27,2045117.62,2355098.27,2370800,2381050,2343520,2355098.25,667.012,214.259,301.134,165.0686102,152.4402069,152.9766379,1174.39,1148,38.381,34.1875,33,33.4375,32.55,69.77,33238432,21444669,29091371,54861582,66862404,20.9,5874470,1482.18,50536040,105397622,172260026
2025-05-28,2035766.27,2344329.52,2355098.25,2368470,2266200,2344329.5,655.187,213.994,300.637,165.0686102,152.4402069,152.9766379,1180,1161,38.444,33.875,31.9375,32.625,31.39,71.64,33413949,21476639,29214693,56189565,66779369,20.9,5879705,1483.5,50691332,106880897,173660266
2025-05-29,2004266.9,2308055.76,2344329.5,2345530,2296660,2308055.75,662.729,216.838,302.954,165.0686102,152.4402069,152.9766379,1199.79,1174.5,38.366,34.0625,32.3125,32.9375,32.43,71.28,33286265,21534794,29684437,56708604,66396904,20.9,5884945,1484.82,51219231,107927835,174324739
2025-05-30,1979028.18,2278991.58,2308055.75,2314950,2269200,2278991.5,677.684,219.692,306.319,165.0686102,152.4402069,152.9766379,1209.35,1195.33,36.919,33.1875,31.8125,32.3125,31.29,71.51,34940118,21565359,27480546,60193483,66561850,20.9,5890190,1486.14,49045905,109239388,175801238
2025-06-02,1915896.74,2206291.24,2278991.5,2283470,2202360,2206291.25,672.773,218.938,304.015,156.7446296,151.3767185,153.3716508,1199.85,1181.17,37.793,34.25,32.6875,33.375,32.75,75.56,36927413,21672190,26707803,58840409,66766748,20.8,5905952,1487.47,48379993,107220402,173987150
2025-06-03,1931828.61,2224637.93,2206291.25,2250240,2181590,2224638,668.069,214.572,298.59,156.7446296,151.3767185,153.3716508,1203.75,1184,37.767,34.4375,32.5,33.1875,32.82,70.83,36423142,21731450,26746428,58303965,66997656,20.8,5911216,1491.45,48477878,106781843,173779499
2025-06-04,1846968.38,2126915.34,2224638,2224640,2124310,2126915.25,687.603,219.118,302.113,156.7446296,151.3767185,153.3716508,1199.07,1184.33,38.818,33,31.4375,32,31.4,70.2,36636601,21762777,26699232,58635170,66698354,20.8,5916484,1492.78,48462009,107097179,173795533
2025-06-05,1841254.37,2124156.07,2126915.25,2157330,2115660,2124156,705.921,217.935,299.233,156.7446296,151.3767185,153.3716508,1206.55,1189.67,38.758,33.5625,31.6875,32.3125,32.1,72.85,36533114,21863496,26482640,59249491,66798093,20.8,5921756,1494.11,48346136,107595627,174393720
2025-06-06,1869532,2156778.44,2124156,2176390,2102590,2156778.5,691.215,209.359,291.116,156.7446296,151.3767185,153.3716508,1205.86,1190,38.639,34.0625,31.9375,32.5625,32.11,73.42,36604803,21885199,25819412,58133855,67012386,20.8,5927034,1495.44,47704611,105838466,172850852
2025-06-09,1830021.14,2111196.88,2156778.5,2156780,2109180,2111197,686.191,211.587,294.126,156.7446296,151.3767185,153.3716508,1201.33,1186.42,38.604,32.9375,31.3125,31.9375,31.29,76.04,36536164,21948507,26056372,56523763,66325104,20.8,5942895,1496.77,48004879,104528642,170853746
2025-06-10,1909309.26,2202667.32,2111197,2218180,2111200,2202667.25,654.771,206.796,290.465,156.7446296,151.3767185,153.3716508,1202.12,1187,38.6,34,32.125,32.75,31.86,73.32,36212110,21989349,27150894,55520401,66914412,20.8,5948191,1500.78,49140243,104660644,171575056
2025-06-11,1882095.59,2171272.38,2202667.25,2206350,2159660,2171272.5,667.893,211.388,290.956,156.7446296,151.3767185,153.3716508,1200.23,1184.5,38.533,33.75,31.9375,32.5625,31.8,72.91,36235936,22075143,28252303,55670031,67089108,20.8,5953492,1502.11,50327446,105997477,173086585
2025-06-12,1896310.2,2187671.01,2171272.5,2212830,2171270,2187671,677.788,216.804,294.552,156.7446296,151.3767185,153.3716508,1202.73,1185.5,38.506,33.8125,32.1875,32.75,31.93,72.73,35385140,22203206,28589561,55564374,67834507,20.8,5958798,1503.45,50792767,106357141,174191648
2025-06-13,1843854.96,2127156.22,2187671,2193360,2103950,2127156.25,687.79,216.385,294.255,156.7446296,151.3767185,153.3716508,1201.12,1187.67,40.465,33.5625,31.875,32.4375,31.51,73.71,35650056,22311848,27034589,55777194,69410420,20.8,5964109,1504.79,49346437,105123631,174534051
2025-06-17,1796426.25,2072440.28,2127156.25,2127160,2058980,2072440.25,713.739,216.32,296.32,156.7446296,151.3767185,153.3716508,1189.61,1180.08,40.399,33.9375,32.25,32.8125,31.95,75.5,36061997,22498576,27841157,54618675,68670144,20.8,5980677,1506.13,50339733,104958408,173628552
2025-06-18,1777826.94,2050983.25,2072440.25,2087600,2047040,2050983.25,725.559,214.71,295.735,156.7446296,151.3767185,153.3716508,1160.98,1151,40.153,32.375,31.9375,32.1875,31.39,70.08,35924590,22620559,28439062,54075602,68952768,20.8,5983646,1510.32,51059621,105135223,174087991
2025-06-19,1789195.59,2064098.65,2050983.25,2068740,2041570,2064098.625,,,,156.7446296,151.3767185,153.3716508,1180.19,1156.17,40.182,34.0625,33.0625,33.4375,32.62,70.96,35393546,22652075,28206279,54628154,69927771,20.8,5986616,1511.07,50858354,105486508,175414279
2025-06-23,1713797.47,1977115.89,2064098.625,2064100,1953990,1977115.875,719.359,216.182,299.25,156.7446296,151.3767185,153.3716508,1188.8,1167.33,40.894,33.25,32,32.5,31,74.81,35729694,22613775,29573199,54903060,68098027,20.8,5998512,1511.82,52186974,107090034,175188061
2025-06-24,1789621.12,2064589.55,1977115.875,2074380,1977120,2064589.5,680.989,215.608,296.322,156.7446296,151.3767185,153.3716508,1192.91,1176,41.212,34.25,32.9375,33.5,29.79,72.2,34844743,22600573,29706323,55077212,69153079,20.8,6001490,1514.82,52306896,107384108,176537187
2025-06-25,1754505.19,2024392.67,2064589.5,2064900,2019680,2024392.625,686.929,216.484,296.73,156.7446296,151.3767185,153.3716508,1203.44,1176.33,41.417,34,32.375,33,31.77,70.56,34821185,22636720,29874662,55842313,69008983,20.8,6004469,1515.57,52511382,108353695,177362678
2025-06-26,1767120.43,2038948.45,2024392.625,2066810,2024390,2038948.5,684.917,220.693,298.2,156.7446296,151.3767185,153.3716508,1209.78,1194.67,41.555,33.25,32.3125,32.75,31.62,70.95,34940528,22755649,29886550,57968141,69362229,20.8,6007450,1516.33,52642199,110610340,179972569
2025-06-27,1768012.92,2041077.8,2038948.5,2057790,2027350,2041077.75,676.836,216.874,294.209,156.7446296,151.3767185,153.3716508,1204.62,1189.83,41.46,34.3125,32.5,33.1875,31.06,71.67,35542364,22894665,27916780,59427514,69837923,20.8,6010432,1517.08,50811445,110238959,180076882
2025-06-30,1727947.63,1994824.53,2041077.75,2062870,1969600,1994824.5,700.974,213.647,295.406,,,,1217.87,1194.08,39.973,33.625,32,32.625,31.42,72.58,37175626,23074222,28690191,62997553,68364120,20.8,6019388,1517.83,51764413,114761966,183126086
2025-07-01,1759364.09,2031093.18,1994824.5,2035580,1992680,2031093.125,698.639,206.21,289.414,,,,1237.18,1203,41.686,34.1875,32.6875,33.25,32.6,71.02,35577666,23199105,27687975,63467577,68720398,21.1,6022376,1520.09,50887080,114354657,183075055
2025-07-02,1787025.31,2063026.6,2031093.125,2076170,2031090,2063026.625,700.479,204.069,288.129,,,,1248.43,1231.33,41.658,34.1875,32.4375,33.0625,32.15,71.44,34406140,23296048,26827301,64212071,69106372,21.1,6025365,1520.85,50123349,114335420,183441792
2025-07-03,1800134.79,2078160.8,2063026.625,2093480,2063030,2078160.75,679.443,198.456,279.479,,,,1245.85,1226.92,41.738,34.0625,32.4375,33.0625,32.36,70.79,33418387,23438646,26514573,64132618,69720866,21.1,6028356,1521.6,49953219,114085837,183806703
2025-07-04,1800599.29,2078697.04,2078160.75,2091100,2071370,2078697,,,,,,,1260.36,1239.83,41.747,33.75,31.6875,32.3125,31.4,71.08,32748809,23551977,25870147,64961179,69814971,21.1,6031349,1522.36,49422124,114383303,184198274
2025-07-07,1774791.46,2049934.07,2078697,2079810,2034760,2049934.125,698.384,199.275,276.363,,,,1282.47,1257.92,41.721,33.625,31.75,32.375,31.66,72.17,34372668,23669875,25713509,64137826,69525283,21.1,6040335,1523.11,49383384,113521210,183046493
2025-07-08,1843925.22,2129785.51,2049934.125,2134250,2042100,2129785.5,704.304,201.87,283.052,,,,1276.79,1258,39.127,33.5,32.4375,32.875,31.97,70.61,33139576,23753444,26026649,63781857,70145298,21.1,6043334,1525.38,49780093,113561950,183707248
2025-07-10,1791069.83,2068736.04,2129785.5,2129790,2053830,2068736,700.268,199.883,282.606,,,,1279.22,1261.17,38.721,32.8125,31.3125,31.875,31.04,71.14,43014258,23807904,26469614,63562498,69825295,21.1,6049335,1526.14,50277518,113840016,183665311
2025-07-11,1737994.6,2007432.66,2068736,2068730,2006370,2007432.625,716.567,200.398,280.231,,,,1280.85,1261.58,39.06,31.125,30.4375,30.75,30.76,70.13,43032475,23834460,27250327,62776332,70652363,21.1,6052338,1527.66,51084787,113861119,184513482
2025-07-14,1786991.43,2064025.38,2007432.625,2066790,1982930,2064025,747.436,200.587,282.949,,,,1291.23,1266.17,39.147,29.1875,28.875,29.125,29.1,69.88,42051969,23853617,28998266,61706075,70455270,21.1,6061356,1528.41,52851883,114557958,185013228
2025-07-15,1796555.16,2075071.76,2064025,2082750,2041820,2075071.75,735.724,197.08,278.931,,,,1288.17,1277,39.061,29.5,28.75,29.0625,29.03,68.18,38219612,23840515,29613257,61186811,72199381,21.1,6064365,1530.69,53453772,114640583,186839964
2025-07-16,1755172.93,2027274.12,2075071.75,2075070,2017250,2027274.125,747.766,201.446,285.221,,,,1278.62,1259.92,39.554,31.25,30,30.5,29.77,68.1,38563168,23810732,28240477,60394409,73553206,21.1,6067471,1531.45,52051209,112445618,185998824
2025-07-17,1788817.28,2066134.29,2027274.125,2075330,2027270,2066134.25,769.748,197.474,284.25,,,,1289.98,1266.25,39.836,32.375,30.1875,30.9375,29.5,68.06,41459951,23785574,28127959,60969769,73992627,21.1,6070579,1532.24,51913533,112883302,186875929
2025-07-18,1796740.9,2075286.29,2066134.25,2116570,2066130,2075286.25,758.735,198.696,283.553,,,,1307.33,1283.83,40.393,33.3125,31.4375,32.125,29.81,67.71,37641717,23767891,27659642,61375093,74831772,21.1,6073688,1533.02,51427533,112802626,187634398
2025-07-21,1768325.3,2042465.47,2075286,2095370,2040920,2042465,763.025,201.652,281.468,,,,1298.51,1286,40.652,34.1875,32.1875,33,31.11,70.75,38025450,23757659,28212598,60905614,74862530,21.1,6083025,1533.81,51970257,112875871,187738401
2025-07-22,1740634.81,2010482.18,2042465,2064390,1995510,2010482,775.279,204.722,283.738,,,,1278.32,1266.17,40.578,37.875,34.4375,35.4375,33.06,66.01,38004625,23732245,28233229,60085871,75029138,21.1,6086141,1536.16,51965474,112051345,187080483
2025-07-23,1804005.54,2083677.16,2010482,2088310,2010480,2083677,772.83,200.296,279.575,,,,1277.43,1259.67,40.358,36.875,34.625,35.375,31.9,67.48,38169300,23705155,28742031,59910429,74446378,21.1,6089258,1536.95,52447186,112357615,186803993
2025-07-24,1848514.74,2135086.53,2083677,2137480,2066890,2135086,753.257,197.28,276.769,,,,1284.92,1262,40.432,37,34.6875,35.4375,32.77,68.15,38149891,23696320,28963584,60253010,74671826,21.1,6092376,1537.74,52659904,112912914,187584740
2025-07-25,1902169.83,2197098.38,2135086,2210360,2135120,2197098,734.18,201.588,277.045,,,,1300.14,1277.75,40.283,35.625,33.8125,34.5,32.69,69.86,37735031,23717041,29041917,60791941,74514326,21.1,6095497,1538.52,52758958,113550899,188065225
2025-07-28,1916153.52,2213570.17,2197098,2230020,2196970,2213570,719.018,201.2,271.931,,,,1305.11,1287.33,40.146,35.25,33.1875,34,32.1,72.87,36820448,23725523,29464515,61462843,73483280,21.1,6104867,1539.31,53190038,114652881,188136161
2025-07-29,1993761.28,2304342.57,2213570,2308980,2214690,2304342,726.721,205.981,277.038,,,,1305.05,1296.67,41.245,38,35.4375,36.3125,33.96,69.08,38348980,23727973,29022389,62567601,73925693,21.1,6107994,1541.68,52750362,115317963,189243656
2025-07-30,1995849.68,2306756.29,2304342,2321000,2268760,2313420,715.961,203.533,273.45,,,,1325.63,1294.17,40.765,39.125,35.3125,36.4375,33.46,67.17,37296150,23738975,29762238,63600891,72431705,21.1,6111123,1542.47,53501213,117102104,189533809
2025-07-31,2006884.85,2319510.48,2306756.25,2349560,2305760,2319510.5,729.561,203.522,271.585,,,,1385.56,1351.83,38.866,40.25,36.8125,38.0625,35.02,69.01,40113368,23800232,28700846,67970150,71820574,21.1,6114253,1543.26,52501078,120471228,192291802
2025-08-01,1971703.51,2278848.71,2319510.5,2321490,2260030,2278848.75,771.228,213.413,286.166,,,,1375.79,1361.33,41.034,41.75,38,39.25,36.03,70.27,41407090,23834241,27470304,68052199,71921359,20.9,6117384,1544.05,51304545,119356744,191278103
2025-08-04,1979040.72,2287328.88,2278848.75,2311240,2270840,2287329,760.844,210.451,282.162,,,,1372.68,1361.83,43.039,42.1875,38.8125,40,36.77,72,42800555,23869797,27709797,66630416,71205062,20.9,6126788,1544.84,51579594,118210010,189415072
2025-08-05,2030554.48,2346867.28,2287329,2351290,2286110,2346867.25,742.742,208.313,279.747,,,,1355.58,1351.17,42.72,42.625,39.375,40.5,37.66,68.89,42754510,23868387,27521264,65682204,71905845,20.9,6129926,1547.21,51389651,117071855,188977700
2025-08-06,2089539.44,2415040.72,2415040.75,2423520,2346870,2415040.75,735.149,203.658,278.595,,,,1346.52,1333.67,42.143,41.75,38.1875,39.3125,37.51,71.33,42697634,23884579,27368113,65773248,71391879,20.9,6133066,1548.01,51252692,117025940,188417819
2025-08-07,2031510.14,2349020.51,2415040.75,2437280,2345000,2349020.5,735.149,203.658,278.595,,,,1339.62,1331.08,41.683,43.75,39.4375,40.75,37.15,71.27,42675620,23918430,27211382,64694687,71461313,20.9,6136207,1548.8,51129812,115824499,187285812
2025-08-08,1989916.52,2300926.1,2349020.5,2365010,2269730,2300926,732.949,194.049,271.147,,,,1337.04,1329.42,42.116,45.375,40.75,42.3125,40.2,72.1,42743195,23937575,26446106,63481558,72016538,20.9,6139350,1549.59,50383681,113865239,185881777
2025-08-11,1991971.45,2303302.21,2300926,2331600,2276230,2303302.25,723.609,190.926,269.49,,,,1339.16,1330.5,41.991,47.75,41.875,43.8125,39.05,75.59,42702784,23951327,27667590,62063958,70354053,20.9,6148788,1550.39,51618917,113682875,184036928
2025-08-12,1999352.05,2311836.34,2303302.25,2353550,2293640,2311836.25,721.969,187.698,266.731,,,,1330.76,1321.5,41.991,49.75,45.9375,47.4375,44.6,72.25,42659621,23963100,29035011,61084069,70812268,20.9,6151937,1552.77,52998111,114082180,184894448
2025-08-13,1978418.61,2287631.16,2311836.25,2324490,2260470,2287631.25,710.802,185.749,265.575,,,,1328.23,1318,42.052,49.9375,44.375,46.0625,42.8,74.58,42643973,23990327,28875066,61179286,70654902,20.9,6155088,1553.57,52865393,114044679,184699581
2025-08-14,1892723.39,2188542.39,2287631.25,2287680,2163390,2188542.5,711.988,187.247,261.668,,,,1311.41,1308.33,41.908,52.5625,46.6875,48.5625,44.81,75.36,42615572,23971911,29151366,60295029,71700250,20.9,6158241,1554.36,53123277,113418306,185118556
2025-08-18,1901233.11,2198382.12,2188545.5,2225540,2166140,2198382,705.545,186.63,258.547,,,,1314.24,1298.83,41.757,56.5625,49.6875,52.0625,46.5,77.1,48555085,23960688,29766727,59523937,72238491,20.9,6172628,1555.16,53727415,113251352,185489843
2025-08-19,1809408.09,2092205.51,2198382,2202050,2089560,2092205.5,700.106,187.825,259.751,,,,1312.95,1292.33,41.705,58.3125,54.125,55.6875,54.02,72.58,44631142,23894367,29706882,59403493,73699986,20.9,6176377,1558.79,53601249,113004742,186704728
2025-08-20,1800539.71,2081951.07,2092205.5,2137980,2079380,2081951.125,746.791,196.062,264.352,,,,1317.84,1298.5,41.692,58.8125,53.4375,55.3125,52.81,74.42,42821346,23817200,28876965,59339365,74413452,20.9,6180128,1559.74,52694165,112033530,186446982
2025-08-21,1818884.2,2103162.67,2081951.125,2129290,2073860,2103162.75,753.436,198.323,264.507,,,,1329.78,1309.25,41.485,59.25,53.8125,55.625,50.19,74.52,43584582,23758898,29967058,59446038,74958568,20.9,6183881,1560.68,53725956,113171994,188130562
2025-08-22,1821510.98,2106200,2103162.75,2153550,2103160,2106200,766.662,197.277,266.617,,,,1337.23,1321.58,41.505,59.8125,53.125,55.25,48.6,74.07,44128287,23693469,29313909,60026257,75688324,20.9,6187637,1561.63,53007378,113033635,188721959
2025-08-25,1748529.92,2021852.01,2106200,2106240,2015650,2021852,829.493,195.851,265.592,,,,1367.98,1344.17,41.445,60.25,52.1875,54.6875,49.04,79.44,44919842,23664572,30601941,60408529,74892374,20.9,6198918,1562.58,54266513,114675042,189567416
2025-08-26,1758187.24,2033345.31,2021852,2054390,1993860,2033345.25,850.371,198.6,269.767,,,,1377.12,1352.33,41.184,64.125,58.375,60.625,53.85,74.07,44221777,23622453,30388156,60660601,75645533,20.9,6202683,1565.43,54010609,114671210,190316743
2025-08-27,1706016.1,1974150.59,2033345.25,2034490,1966580,1974150.625,852.821,198.881,272.314,,,,1370.79,1359.42,41.255,61.1875,55.375,57.5,51.16,74.42,44202019,23604996,29595140,61339105,76073256,20.9,6206450,1566.38,53200136,114539241,190612497
2025-08-28,1726089.33,1997378.72,1974150.625,2044300,1973560,1997378.75,836.734,196.856,270.477,,,,1349.44,1343.67,40.963,66.125,59.0625,61.625,55.63,77.49,44773011,23619367,29870099,61823334,76445721,20.9,6210219,1567.33,53489466,115312800,191758521
2025-08-29,1715258.01,1984845.04,1997378.75,2001560,1962870,1984845,828.532,192.569,269.377,,,,1361.42,1323.83,39.986,66.1875,58,60.6875,53.63,76.5,44259863,23640833,27696788,64067004,76568906,20.9,6213991,1568.28,51337621,115404625,191973531
2025-09-01,1676282.12,1939743.31,1984845,1988250,1927630,1939743.25,,,,,,,1391.88,1371.17,40.026,67,58.1875,61.1875,54.57,83.51,42598268,23691588,26759893,64566763,76713440,,,1569.24,50451481,115018244,191731684
2025-09-02,1707380.52,1975729.46,1939743.25,1980480,1905450,1975729.5,897.638,193.258,271.228,,,,1378.91,1368.25,40.763,58.4375,55.6875,57.3125,53.62,77.67,41682352,23696789,26519170,63987446,77040045,,,1572.1,50215959,114203405,191243450
2025-09-03,1668249.99,1933986.48,1975729.5,1989630,1923030,1933986.5,893.049,194.693,271.45,,,,1377.09,1360.17,40.741,66,56.5625,59.5,52.49,77.83,41866271,23667841,26166841,63993492,77304572,,,1573.05,49834682,113828174,191132746
2025-09-04,1716842.91,1990319.8,1933986.5,2004020,1933200,1990319.75,901.198,196.508,271.906,,,,1382.69,1362.33,,65.9375,57.1875,60.1875,56.06,80.01,,,,,77627854,,,1574.01,0,0,77627854
2025-09-05,1722219.2,1997624.37,1990319.75,2030490,1948910,1997624.375,,,,,,,1386.8,1365.42,,,,,,,,,,,,,,1574.96,0,0,0
,,,,,,,,,,,,,,,,,,,,,,,,,,,,,,,
,,,,,,,,,,,,,,,,,,,,,,,,,,,,,,,
,,,,,,,,,,,,,,,,,,,,,,,,,,,,,,,
,,,,,,,,,,,,,,,,,,,,,,,,,,,,,,,
